slurmstepd: info: Setting TMPDIR to /scratch/10149881. Previous errors about TMPDIR can be discarded
cesga/2020 unloaded
        Preparing the environment for use of the CESGA 2020 software stack.
        Please rebuild modules cache: module --ignore-cache avail
     
cesga/2020 loaded
python/3.10.8 loaded
==========================================================
 BERT SQUAD BENCHMARKS WITH PROFILER (500 STEPS) 
==========================================================

[1/5] RUNNING BASELINE...
Loading weights:   0%|          | 0/197 [00:00<?, ?it/s]Loading weights: 100%|██████████| 197/197 [00:00<00:00, 9462.86it/s]
[transformers] [1mBertForQuestionAnswering LOAD REPORT[0m from: bert-base-uncased
Key                                        | Status     | 
-------------------------------------------+------------+-
bert.pooler.dense.bias                     | UNEXPECTED | 
cls.seq_relationship.weight                | UNEXPECTED | 
cls.predictions.transform.dense.bias       | UNEXPECTED | 
bert.pooler.dense.weight                   | UNEXPECTED | 
cls.predictions.bias                       | UNEXPECTED | 
cls.predictions.transform.dense.weight     | UNEXPECTED | 
cls.predictions.transform.LayerNorm.weight | UNEXPECTED | 
cls.predictions.transform.LayerNorm.bias   | UNEXPECTED | 
cls.seq_relationship.bias                  | UNEXPECTED | 
qa_outputs.weight                          | MISSING    | 
qa_outputs.bias                            | MISSING    | 

Notes:
- UNEXPECTED:	can be ignored when loading from different task/architecture; not ok if you expect identical arch.
- MISSING:	those params were newly initialized because missing from the checkpoint. Consider training on your downstream task.
Warning: You are sending unauthenticated requests to the HF Hub. Please set a HF_TOKEN to enable higher rate limits and faster downloads.
USDT:2026-09-30 20:24:20 1620445:1620445 SyncActivityProfilerHandler.cpp:39] profiler_start
[W930 20:24:20.894347778 CPUAllocator.cpp:245] Memory block of unknown size was allocated before the profiling started, profiler results will not include the deallocation event
USDT:2026-09-30 20:24:21 1620445:1620445 SyncActivityProfilerHandler.cpp:46] profiler_stop
/mnt/netapp2/Store_uni/home/ulc/ii/lra/Entregable1_Bloque2_HPCTools/BASELINE/entornoTarea1/lib/python3.10/site-packages/torch/profiler/profiler.py:334: UserWarning: Warning: Profiler clears events at the end of each cycle. Only events from the current cycle will be reported. To keep events across cycles, set acc_events=True.
  _warn_once(
USDT:2026-09-30 20:24:21 1620445:1620445 SyncActivityProfilerHandler.cpp:39] profiler_start
USDT:2026-09-30 20:24:22 1620445:1620445 SyncActivityProfilerHandler.cpp:46] profiler_stop
USDT:2026-09-30 20:24:23 1620445:1620445 SyncActivityProfilerHandler.cpp:39] profiler_start
USDT:2026-09-30 20:24:24 1620445:1620445 SyncActivityProfilerHandler.cpp:46] profiler_stop
USDT:2026-09-30 20:24:24 1620445:1620445 SyncActivityProfilerHandler.cpp:39] profiler_start
USDT:2026-09-30 20:24:25 1620445:1620445 SyncActivityProfilerHandler.cpp:46] profiler_stop
USDT:2026-09-30 20:24:26 1620445:1620445 SyncActivityProfilerHandler.cpp:39] profiler_start
USDT:2026-09-30 20:24:26 1620445:1620445 SyncActivityProfilerHandler.cpp:46] profiler_stop
USDT:2026-09-30 20:24:27 1620445:1620445 SyncActivityProfilerHandler.cpp:39] profiler_start
USDT:2026-09-30 20:24:28 1620445:1620445 SyncActivityProfilerHandler.cpp:46] profiler_stop
USDT:2026-09-30 20:24:28 1620445:1620445 SyncActivityProfilerHandler.cpp:39] profiler_start
USDT:2026-09-30 20:24:29 1620445:1620445 SyncActivityProfilerHandler.cpp:46] profiler_stop
USDT:2026-09-30 20:24:30 1620445:1620445 SyncActivityProfilerHandler.cpp:39] profiler_start
USDT:2026-09-30 20:24:31 1620445:1620445 SyncActivityProfilerHandler.cpp:46] profiler_stop
USDT:2026-09-30 20:24:31 1620445:1620445 SyncActivityProfilerHandler.cpp:39] profiler_start
USDT:2026-09-30 20:24:32 1620445:1620445 SyncActivityProfilerHandler.cpp:46] profiler_stop
USDT:2026-09-30 20:24:33 1620445:1620445 SyncActivityProfilerHandler.cpp:39] profiler_start
USDT:2026-09-30 20:24:34 1620445:1620445 SyncActivityProfilerHandler.cpp:46] profiler_stop
USDT:2026-09-30 20:24:34 1620445:1620445 SyncActivityProfilerHandler.cpp:39] profiler_start
USDT:2026-09-30 20:24:35 1620445:1620445 SyncActivityProfilerHandler.cpp:46] profiler_stop
USDT:2026-09-30 20:24:35 1620445:1620445 SyncActivityProfilerHandler.cpp:39] profiler_start
USDT:2026-09-30 20:24:36 1620445:1620445 SyncActivityProfilerHandler.cpp:46] profiler_stop
USDT:2026-09-30 20:24:37 1620445:1620445 SyncActivityProfilerHandler.cpp:39] profiler_start
USDT:2026-09-30 20:24:38 1620445:1620445 SyncActivityProfilerHandler.cpp:46] profiler_stop
USDT:2026-09-30 20:24:38 1620445:1620445 SyncActivityProfilerHandler.cpp:39] profiler_start
USDT:2026-09-30 20:24:39 1620445:1620445 SyncActivityProfilerHandler.cpp:46] profiler_stop
USDT:2026-09-30 20:24:40 1620445:1620445 SyncActivityProfilerHandler.cpp:39] profiler_start
USDT:2026-09-30 20:24:41 1620445:1620445 SyncActivityProfilerHandler.cpp:46] profiler_stop
USDT:2026-09-30 20:24:41 1620445:1620445 SyncActivityProfilerHandler.cpp:39] profiler_start
USDT:2026-09-30 20:24:42 1620445:1620445 SyncActivityProfilerHandler.cpp:46] profiler_stop
USDT:2026-09-30 20:24:43 1620445:1620445 SyncActivityProfilerHandler.cpp:39] profiler_start
USDT:2026-09-30 20:24:44 1620445:1620445 SyncActivityProfilerHandler.cpp:46] profiler_stop
USDT:2026-09-30 20:24:44 1620445:1620445 SyncActivityProfilerHandler.cpp:39] profiler_start
USDT:2026-09-30 20:24:45 1620445:1620445 SyncActivityProfilerHandler.cpp:46] profiler_stop
USDT:2026-09-30 20:24:45 1620445:1620445 SyncActivityProfilerHandler.cpp:39] profiler_start
USDT:2026-09-30 20:24:46 1620445:1620445 SyncActivityProfilerHandler.cpp:46] profiler_stop
USDT:2026-09-30 20:24:47 1620445:1620445 SyncActivityProfilerHandler.cpp:39] profiler_start
USDT:2026-09-30 20:24:48 1620445:1620445 SyncActivityProfilerHandler.cpp:46] profiler_stop
USDT:2026-09-30 20:24:48 1620445:1620445 SyncActivityProfilerHandler.cpp:39] profiler_start
USDT:2026-09-30 20:24:49 1620445:1620445 SyncActivityProfilerHandler.cpp:46] profiler_stop
USDT:2026-09-30 20:24:50 1620445:1620445 SyncActivityProfilerHandler.cpp:39] profiler_start
USDT:2026-09-30 20:24:51 1620445:1620445 SyncActivityProfilerHandler.cpp:46] profiler_stop
USDT:2026-09-30 20:24:51 1620445:1620445 SyncActivityProfilerHandler.cpp:39] profiler_start
USDT:2026-09-30 20:24:52 1620445:1620445 SyncActivityProfilerHandler.cpp:46] profiler_stop
USDT:2026-09-30 20:24:53 1620445:1620445 SyncActivityProfilerHandler.cpp:39] profiler_start
USDT:2026-09-30 20:24:54 1620445:1620445 SyncActivityProfilerHandler.cpp:46] profiler_stop
USDT:2026-09-30 20:24:54 1620445:1620445 SyncActivityProfilerHandler.cpp:39] profiler_start
USDT:2026-09-30 20:24:55 1620445:1620445 SyncActivityProfilerHandler.cpp:46] profiler_stop
USDT:2026-09-30 20:24:56 1620445:1620445 SyncActivityProfilerHandler.cpp:39] profiler_start
USDT:2026-09-30 20:24:57 1620445:1620445 SyncActivityProfilerHandler.cpp:46] profiler_stop
USDT:2026-09-30 20:24:57 1620445:1620445 SyncActivityProfilerHandler.cpp:39] profiler_start
USDT:2026-09-30 20:24:58 1620445:1620445 SyncActivityProfilerHandler.cpp:46] profiler_stop
USDT:2026-09-30 20:24:58 1620445:1620445 SyncActivityProfilerHandler.cpp:39] profiler_start
USDT:2026-09-30 20:24:59 1620445:1620445 SyncActivityProfilerHandler.cpp:46] profiler_stop
USDT:2026-09-30 20:25:00 1620445:1620445 SyncActivityProfilerHandler.cpp:39] profiler_start
USDT:2026-09-30 20:25:01 1620445:1620445 SyncActivityProfilerHandler.cpp:46] profiler_stop
USDT:2026-09-30 20:25:01 1620445:1620445 SyncActivityProfilerHandler.cpp:39] profiler_start
USDT:2026-09-30 20:25:02 1620445:1620445 SyncActivityProfilerHandler.cpp:46] profiler_stop
USDT:2026-09-30 20:25:03 1620445:1620445 SyncActivityProfilerHandler.cpp:39] profiler_start
USDT:2026-09-30 20:25:04 1620445:1620445 SyncActivityProfilerHandler.cpp:46] profiler_stop
USDT:2026-09-30 20:25:04 1620445:1620445 SyncActivityProfilerHandler.cpp:39] profiler_start
USDT:2026-09-30 20:25:05 1620445:1620445 SyncActivityProfilerHandler.cpp:46] profiler_stop
USDT:2026-09-30 20:25:06 1620445:1620445 SyncActivityProfilerHandler.cpp:39] profiler_start
USDT:2026-09-30 20:25:07 1620445:1620445 SyncActivityProfilerHandler.cpp:46] profiler_stop
USDT:2026-09-30 20:25:07 1620445:1620445 SyncActivityProfilerHandler.cpp:39] profiler_start
USDT:2026-09-30 20:25:08 1620445:1620445 SyncActivityProfilerHandler.cpp:46] profiler_stop
USDT:2026-09-30 20:25:09 1620445:1620445 SyncActivityProfilerHandler.cpp:39] profiler_start
USDT:2026-09-30 20:25:10 1620445:1620445 SyncActivityProfilerHandler.cpp:46] profiler_stop
USDT:2026-09-30 20:25:10 1620445:1620445 SyncActivityProfilerHandler.cpp:39] profiler_start
USDT:2026-09-30 20:25:11 1620445:1620445 SyncActivityProfilerHandler.cpp:46] profiler_stop
USDT:2026-09-30 20:25:11 1620445:1620445 SyncActivityProfilerHandler.cpp:39] profiler_start
USDT:2026-09-30 20:25:12 1620445:1620445 SyncActivityProfilerHandler.cpp:46] profiler_stop
USDT:2026-09-30 20:25:13 1620445:1620445 SyncActivityProfilerHandler.cpp:39] profiler_start
USDT:2026-09-30 20:25:14 1620445:1620445 SyncActivityProfilerHandler.cpp:46] profiler_stop
USDT:2026-09-30 20:25:14 1620445:1620445 SyncActivityProfilerHandler.cpp:39] profiler_start
USDT:2026-09-30 20:25:15 1620445:1620445 SyncActivityProfilerHandler.cpp:46] profiler_stop
USDT:2026-09-30 20:25:16 1620445:1620445 SyncActivityProfilerHandler.cpp:39] profiler_start
USDT:2026-09-30 20:25:17 1620445:1620445 SyncActivityProfilerHandler.cpp:46] profiler_stop
USDT:2026-09-30 20:25:17 1620445:1620445 SyncActivityProfilerHandler.cpp:39] profiler_start
USDT:2026-09-30 20:25:18 1620445:1620445 SyncActivityProfilerHandler.cpp:46] profiler_stop
USDT:2026-09-30 20:25:19 1620445:1620445 SyncActivityProfilerHandler.cpp:39] profiler_start
USDT:2026-09-30 20:25:20 1620445:1620445 SyncActivityProfilerHandler.cpp:46] profiler_stop
USDT:2026-09-30 20:25:20 1620445:1620445 SyncActivityProfilerHandler.cpp:39] profiler_start
USDT:2026-09-30 20:25:21 1620445:1620445 SyncActivityProfilerHandler.cpp:46] profiler_stop
USDT:2026-09-30 20:25:22 1620445:1620445 SyncActivityProfilerHandler.cpp:39] profiler_start
USDT:2026-09-30 20:25:23 1620445:1620445 SyncActivityProfilerHandler.cpp:46] profiler_stop
USDT:2026-09-30 20:25:23 1620445:1620445 SyncActivityProfilerHandler.cpp:39] profiler_start
USDT:2026-09-30 20:25:24 1620445:1620445 SyncActivityProfilerHandler.cpp:46] profiler_stop
USDT:2026-09-30 20:25:25 1620445:1620445 SyncActivityProfilerHandler.cpp:39] profiler_start
USDT:2026-09-30 20:25:26 1620445:1620445 SyncActivityProfilerHandler.cpp:46] profiler_stop
USDT:2026-09-30 20:25:26 1620445:1620445 SyncActivityProfilerHandler.cpp:39] profiler_start
USDT:2026-09-30 20:25:27 1620445:1620445 SyncActivityProfilerHandler.cpp:46] profiler_stop
USDT:2026-09-30 20:25:28 1620445:1620445 SyncActivityProfilerHandler.cpp:39] profiler_start
USDT:2026-09-30 20:25:29 1620445:1620445 SyncActivityProfilerHandler.cpp:46] profiler_stop
USDT:2026-09-30 20:25:29 1620445:1620445 SyncActivityProfilerHandler.cpp:39] profiler_start
USDT:2026-09-30 20:25:30 1620445:1620445 SyncActivityProfilerHandler.cpp:46] profiler_stop
USDT:2026-09-30 20:25:30 1620445:1620445 SyncActivityProfilerHandler.cpp:39] profiler_start
USDT:2026-09-30 20:25:31 1620445:1620445 SyncActivityProfilerHandler.cpp:46] profiler_stop
USDT:2026-09-30 20:25:32 1620445:1620445 SyncActivityProfilerHandler.cpp:39] profiler_start
USDT:2026-09-30 20:25:33 1620445:1620445 SyncActivityProfilerHandler.cpp:46] profiler_stop
USDT:2026-09-30 20:25:33 1620445:1620445 SyncActivityProfilerHandler.cpp:39] profiler_start
USDT:2026-09-30 20:25:34 1620445:1620445 SyncActivityProfilerHandler.cpp:46] profiler_stop
USDT:2026-09-30 20:25:35 1620445:1620445 SyncActivityProfilerHandler.cpp:39] profiler_start
USDT:2026-09-30 20:25:36 1620445:1620445 SyncActivityProfilerHandler.cpp:46] profiler_stop
USDT:2026-09-30 20:25:36 1620445:1620445 SyncActivityProfilerHandler.cpp:39] profiler_start
USDT:2026-09-30 20:25:37 1620445:1620445 SyncActivityProfilerHandler.cpp:46] profiler_stop
USDT:2026-09-30 20:25:38 1620445:1620445 SyncActivityProfilerHandler.cpp:39] profiler_start
USDT:2026-09-30 20:25:39 1620445:1620445 SyncActivityProfilerHandler.cpp:46] profiler_stop
USDT:2026-09-30 20:25:39 1620445:1620445 SyncActivityProfilerHandler.cpp:39] profiler_start
USDT:2026-09-30 20:25:40 1620445:1620445 SyncActivityProfilerHandler.cpp:46] profiler_stop
USDT:2026-09-30 20:25:41 1620445:1620445 SyncActivityProfilerHandler.cpp:39] profiler_start
USDT:2026-09-30 20:25:42 1620445:1620445 SyncActivityProfilerHandler.cpp:46] profiler_stop
USDT:2026-09-30 20:25:42 1620445:1620445 SyncActivityProfilerHandler.cpp:39] profiler_start
USDT:2026-09-30 20:25:43 1620445:1620445 SyncActivityProfilerHandler.cpp:46] profiler_stop
USDT:2026-09-30 20:25:44 1620445:1620445 SyncActivityProfilerHandler.cpp:39] profiler_start
USDT:2026-09-30 20:25:45 1620445:1620445 SyncActivityProfilerHandler.cpp:46] profiler_stop
USDT:2026-09-30 20:25:45 1620445:1620445 SyncActivityProfilerHandler.cpp:39] profiler_start
USDT:2026-09-30 20:25:46 1620445:1620445 SyncActivityProfilerHandler.cpp:46] profiler_stop
USDT:2026-09-30 20:25:47 1620445:1620445 SyncActivityProfilerHandler.cpp:39] profiler_start
USDT:2026-09-30 20:25:48 1620445:1620445 SyncActivityProfilerHandler.cpp:46] profiler_stop
USDT:2026-09-30 20:25:48 1620445:1620445 SyncActivityProfilerHandler.cpp:39] profiler_start
USDT:2026-09-30 20:25:49 1620445:1620445 SyncActivityProfilerHandler.cpp:46] profiler_stop
USDT:2026-09-30 20:25:50 1620445:1620445 SyncActivityProfilerHandler.cpp:39] profiler_start
USDT:2026-09-30 20:25:51 1620445:1620445 SyncActivityProfilerHandler.cpp:46] profiler_stop
USDT:2026-09-30 20:25:51 1620445:1620445 SyncActivityProfilerHandler.cpp:39] profiler_start
USDT:2026-09-30 20:25:52 1620445:1620445 SyncActivityProfilerHandler.cpp:46] profiler_stop
USDT:2026-09-30 20:25:53 1620445:1620445 SyncActivityProfilerHandler.cpp:39] profiler_start
USDT:2026-09-30 20:25:54 1620445:1620445 SyncActivityProfilerHandler.cpp:46] profiler_stop
USDT:2026-09-30 20:25:54 1620445:1620445 SyncActivityProfilerHandler.cpp:39] profiler_start
USDT:2026-09-30 20:25:55 1620445:1620445 SyncActivityProfilerHandler.cpp:46] profiler_stop
USDT:2026-09-30 20:25:56 1620445:1620445 SyncActivityProfilerHandler.cpp:39] profiler_start
USDT:2026-09-30 20:25:57 1620445:1620445 SyncActivityProfilerHandler.cpp:46] profiler_stop
USDT:2026-09-30 20:25:57 1620445:1620445 SyncActivityProfilerHandler.cpp:39] profiler_start
USDT:2026-09-30 20:25:58 1620445:1620445 SyncActivityProfilerHandler.cpp:46] profiler_stop
USDT:2026-09-30 20:25:59 1620445:1620445 SyncActivityProfilerHandler.cpp:39] profiler_start
USDT:2026-09-30 20:26:00 1620445:1620445 SyncActivityProfilerHandler.cpp:46] profiler_stop
USDT:2026-09-30 20:26:00 1620445:1620445 SyncActivityProfilerHandler.cpp:39] profiler_start
USDT:2026-09-30 20:26:01 1620445:1620445 SyncActivityProfilerHandler.cpp:46] profiler_stop
USDT:2026-09-30 20:26:02 1620445:1620445 SyncActivityProfilerHandler.cpp:39] profiler_start
USDT:2026-09-30 20:26:03 1620445:1620445 SyncActivityProfilerHandler.cpp:46] profiler_stop
USDT:2026-09-30 20:26:03 1620445:1620445 SyncActivityProfilerHandler.cpp:39] profiler_start
USDT:2026-09-30 20:26:04 1620445:1620445 SyncActivityProfilerHandler.cpp:46] profiler_stop
USDT:2026-09-30 20:26:04 1620445:1620445 SyncActivityProfilerHandler.cpp:39] profiler_start
USDT:2026-09-30 20:26:05 1620445:1620445 SyncActivityProfilerHandler.cpp:46] profiler_stop
USDT:2026-09-30 20:26:06 1620445:1620445 SyncActivityProfilerHandler.cpp:39] profiler_start
USDT:2026-09-30 20:26:07 1620445:1620445 SyncActivityProfilerHandler.cpp:46] profiler_stop
USDT:2026-09-30 20:26:07 1620445:1620445 SyncActivityProfilerHandler.cpp:39] profiler_start
USDT:2026-09-30 20:26:08 1620445:1620445 SyncActivityProfilerHandler.cpp:46] profiler_stop
USDT:2026-09-30 20:26:09 1620445:1620445 SyncActivityProfilerHandler.cpp:39] profiler_start
USDT:2026-09-30 20:26:10 1620445:1620445 SyncActivityProfilerHandler.cpp:46] profiler_stop
USDT:2026-09-30 20:26:10 1620445:1620445 SyncActivityProfilerHandler.cpp:39] profiler_start
USDT:2026-09-30 20:26:11 1620445:1620445 SyncActivityProfilerHandler.cpp:46] profiler_stop
USDT:2026-09-30 20:26:12 1620445:1620445 SyncActivityProfilerHandler.cpp:39] profiler_start
USDT:2026-09-30 20:26:13 1620445:1620445 SyncActivityProfilerHandler.cpp:46] profiler_stop
USDT:2026-09-30 20:26:13 1620445:1620445 SyncActivityProfilerHandler.cpp:39] profiler_start
USDT:2026-09-30 20:26:14 1620445:1620445 SyncActivityProfilerHandler.cpp:46] profiler_stop
USDT:2026-09-30 20:26:15 1620445:1620445 SyncActivityProfilerHandler.cpp:39] profiler_start
USDT:2026-09-30 20:26:16 1620445:1620445 SyncActivityProfilerHandler.cpp:46] profiler_stop
USDT:2026-09-30 20:26:16 1620445:1620445 SyncActivityProfilerHandler.cpp:39] profiler_start
USDT:2026-09-30 20:26:17 1620445:1620445 SyncActivityProfilerHandler.cpp:46] profiler_stop
USDT:2026-09-30 20:26:18 1620445:1620445 SyncActivityProfilerHandler.cpp:39] profiler_start
USDT:2026-09-30 20:26:19 1620445:1620445 SyncActivityProfilerHandler.cpp:46] profiler_stop
USDT:2026-09-30 20:26:19 1620445:1620445 SyncActivityProfilerHandler.cpp:39] profiler_start
USDT:2026-09-30 20:26:20 1620445:1620445 SyncActivityProfilerHandler.cpp:46] profiler_stop
USDT:2026-09-30 20:26:21 1620445:1620445 SyncActivityProfilerHandler.cpp:39] profiler_start
USDT:2026-09-30 20:26:22 1620445:1620445 SyncActivityProfilerHandler.cpp:46] profiler_stop
USDT:2026-09-30 20:26:22 1620445:1620445 SyncActivityProfilerHandler.cpp:39] profiler_start
USDT:2026-09-30 20:26:23 1620445:1620445 SyncActivityProfilerHandler.cpp:46] profiler_stop
USDT:2026-09-30 20:26:24 1620445:1620445 SyncActivityProfilerHandler.cpp:39] profiler_start
USDT:2026-09-30 20:26:25 1620445:1620445 SyncActivityProfilerHandler.cpp:46] profiler_stop
USDT:2026-09-30 20:26:25 1620445:1620445 SyncActivityProfilerHandler.cpp:39] profiler_start
USDT:2026-09-30 20:26:26 1620445:1620445 SyncActivityProfilerHandler.cpp:46] profiler_stop
USDT:2026-09-30 20:26:27 1620445:1620445 SyncActivityProfilerHandler.cpp:39] profiler_start
USDT:2026-09-30 20:26:28 1620445:1620445 SyncActivityProfilerHandler.cpp:46] profiler_stop
USDT:2026-09-30 20:26:28 1620445:1620445 SyncActivityProfilerHandler.cpp:39] profiler_start
USDT:2026-09-30 20:26:29 1620445:1620445 SyncActivityProfilerHandler.cpp:46] profiler_stop
USDT:2026-09-30 20:26:30 1620445:1620445 SyncActivityProfilerHandler.cpp:39] profiler_start
USDT:2026-09-30 20:26:31 1620445:1620445 SyncActivityProfilerHandler.cpp:46] profiler_stop
USDT:2026-09-30 20:26:31 1620445:1620445 SyncActivityProfilerHandler.cpp:39] profiler_start
USDT:2026-09-30 20:26:32 1620445:1620445 SyncActivityProfilerHandler.cpp:46] profiler_stop
USDT:2026-09-30 20:26:33 1620445:1620445 SyncActivityProfilerHandler.cpp:39] profiler_start
USDT:2026-09-30 20:26:34 1620445:1620445 SyncActivityProfilerHandler.cpp:46] profiler_stop
USDT:2026-09-30 20:26:34 1620445:1620445 SyncActivityProfilerHandler.cpp:39] profiler_start
USDT:2026-09-30 20:26:35 1620445:1620445 SyncActivityProfilerHandler.cpp:46] profiler_stop
USDT:2026-09-30 20:26:35 1620445:1620445 SyncActivityProfilerHandler.cpp:39] profiler_start
USDT:2026-09-30 20:26:36 1620445:1620445 SyncActivityProfilerHandler.cpp:46] profiler_stop
USDT:2026-09-30 20:26:37 1620445:1620445 SyncActivityProfilerHandler.cpp:39] profiler_start
USDT:2026-09-30 20:26:38 1620445:1620445 SyncActivityProfilerHandler.cpp:46] profiler_stop
USDT:2026-09-30 20:26:38 1620445:1620445 SyncActivityProfilerHandler.cpp:39] profiler_start
USDT:2026-09-30 20:26:39 1620445:1620445 SyncActivityProfilerHandler.cpp:46] profiler_stop
USDT:2026-09-30 20:26:40 1620445:1620445 SyncActivityProfilerHandler.cpp:39] profiler_start
USDT:2026-09-30 20:26:41 1620445:1620445 SyncActivityProfilerHandler.cpp:46] profiler_stop
USDT:2026-09-30 20:26:41 1620445:1620445 SyncActivityProfilerHandler.cpp:39] profiler_start
USDT:2026-09-30 20:26:42 1620445:1620445 SyncActivityProfilerHandler.cpp:46] profiler_stop
USDT:2026-09-30 20:26:43 1620445:1620445 SyncActivityProfilerHandler.cpp:39] profiler_start
USDT:2026-09-30 20:26:44 1620445:1620445 SyncActivityProfilerHandler.cpp:46] profiler_stop
USDT:2026-09-30 20:26:44 1620445:1620445 SyncActivityProfilerHandler.cpp:39] profiler_start
USDT:2026-09-30 20:26:45 1620445:1620445 SyncActivityProfilerHandler.cpp:46] profiler_stop
USDT:2026-09-30 20:26:46 1620445:1620445 SyncActivityProfilerHandler.cpp:39] profiler_start
USDT:2026-09-30 20:26:47 1620445:1620445 SyncActivityProfilerHandler.cpp:46] profiler_stop
USDT:2026-09-30 20:26:47 1620445:1620445 SyncActivityProfilerHandler.cpp:39] profiler_start
USDT:2026-09-30 20:26:48 1620445:1620445 SyncActivityProfilerHandler.cpp:46] profiler_stop

============================================================
 CÓMPUTO CALCULADO AUTOMÁTICAMENTE (POR SECUENCIA)
 MACs Forward (1 seq)       : 35,333,406,720
 FLOPs Forward (1 seq)      : 70,666,813,440
 FLOPs Train (Fwd + Bwd)    : 214,718,349,312
 Constante por secuencia    : 2.14718349e-01 TFLOPs
============================================================

--- BS=16 | Workers=0 | PinMem=False | AMP=False | Compile=False | Profile=True ---

=== PROFILER SUMMARY ===
-------------------------------------------------------  ------------  ------------  ------------  ------------  ------------  ------------  ------------  ------------  ------------  ------------  ------------  ------------  ------------  ------------  
                                                   Name    Self CPU %      Self CPU   CPU total %     CPU total  CPU time avg     Self CUDA   Self CUDA %    CUDA total  CUDA time avg       CPU Mem  Self CPU Mem      CUDA Mem  Self CUDA Mem    # of Calls  
-------------------------------------------------------  ------------  ------------  ------------  ------------  ------------  ------------  ------------  ------------  ------------  ------------  ------------  ------------  ------------  ------------  
    autograd::engine::evaluate_function: AddmmBackward0         0.30%       3.018ms         2.29%      23.262ms     106.220us       0.000us         0.00%     410.501ms       1.874ms           0 B           0 B      -2.85 GB      -9.55 GB           219  
                                         AddmmBackward0         0.18%       1.811ms         1.38%      14.067ms      64.234us       0.000us         0.00%     402.699ms       1.839ms           0 B           0 B       6.70 GB           0 B           219  
                                               aten::mm         0.66%       6.669ms         0.93%       9.463ms      21.604us     402.699ms        42.31%     402.699ms     919.403us           0 B           0 B       6.70 GB       6.70 GB           438  
                                          ProfilerStep*         8.35%      85.005ms        74.43%     757.439ms     252.480ms       0.000us         0.00%     257.980ms      85.993ms     144.25 KB    -289.06 KB           0 B     -12.42 GB             3  
                                          ProfilerStep*         0.00%       0.000us         0.00%       0.000us       0.000us     243.203ms        25.55%     243.203ms      81.068ms           0 B           0 B           0 B           0 B             3  
                                           aten::linear         0.15%       1.479ms         1.11%      11.249ms      51.365us       0.000us         0.00%     203.496ms     929.206us           0 B           0 B       5.70 GB           0 B           219  
                                            aten::addmm         0.54%       5.478ms         0.71%       7.174ms      32.760us     203.496ms        21.38%     203.496ms     929.206us           0 B           0 B       5.70 GB       5.70 GB           219  
                        ampere_sgemm_64x32_sliced1x4_nt         0.00%       0.000us         0.00%       0.000us       0.000us     190.299ms        20.00%     190.299ms     792.912us           0 B           0 B           0 B           0 B           240  
                                 ampere_sgemm_128x32_nn         0.00%       0.000us         0.00%       0.000us       0.000us     177.765ms        18.68%     177.765ms     728.543us           0 B           0 B           0 B           0 B           244  
                                 ampere_sgemm_128x32_tn         0.00%       0.000us         0.00%       0.000us       0.000us     167.842ms        17.64%     167.842ms     777.046us           0 B           0 B           0 B           0 B           216  
-------------------------------------------------------  ------------  ------------  ------------  ------------  ------------  ------------  ------------  ------------  ------------  ------------  ------------  ------------  ------------  ------------  
Self CPU time total: 1.018s
Self CUDA time total: 951.690ms


Resultados tras 500 pasos (descartando 10 de warmup):
 training time medido      : 148.19 s (2.47 min)
 samples / s               : 53.98
 peak GPU memory           : 5095.14 MB
 achieved TFLOP/s          : 11.5915
 MFU % (Hardware real)     : 59.44% (Techo: 19.5 TFLOP/s)
 MFU % (vs Tensor Cores)   : 3.72% (Techo: 312.0 TFLOP/s)
 final loss                : 1.937586

[2/5] RUNNING OPTIMIZED DATALOADER...
Loading weights:   0%|          | 0/197 [00:00<?, ?it/s]Loading weights: 100%|██████████| 197/197 [00:00<00:00, 8485.87it/s]
[transformers] [1mBertForQuestionAnswering LOAD REPORT[0m from: bert-base-uncased
Key                                        | Status     | 
-------------------------------------------+------------+-
cls.predictions.transform.LayerNorm.weight | UNEXPECTED | 
bert.pooler.dense.weight                   | UNEXPECTED | 
cls.predictions.transform.LayerNorm.bias   | UNEXPECTED | 
cls.predictions.transform.dense.weight     | UNEXPECTED | 
cls.predictions.bias                       | UNEXPECTED | 
cls.predictions.transform.dense.bias       | UNEXPECTED | 
cls.seq_relationship.bias                  | UNEXPECTED | 
bert.pooler.dense.bias                     | UNEXPECTED | 
cls.seq_relationship.weight                | UNEXPECTED | 
qa_outputs.weight                          | MISSING    | 
qa_outputs.bias                            | MISSING    | 

Notes:
- UNEXPECTED:	can be ignored when loading from different task/architecture; not ok if you expect identical arch.
- MISSING:	those params were newly initialized because missing from the checkpoint. Consider training on your downstream task.
Warning: You are sending unauthenticated requests to the HF Hub. Please set a HF_TOKEN to enable higher rate limits and faster downloads.

============================================================
 CÓMPUTO CALCULADO AUTOMÁTICAMENTE (POR SECUENCIA)
 MACs Forward (1 seq)       : 35,333,406,720
 FLOPs Forward (1 seq)      : 70,666,813,440
 FLOPs Train (Fwd + Bwd)    : 214,718,349,312
 Constante por secuencia    : 2.14718349e-01 TFLOPs
============================================================

--- BS=16 | Workers=16 | PinMem=True | AMP=False | Compile=False | Profile=True ---
USDT:2026-09-30 20:27:09 1620635:1620635 SyncActivityProfilerHandler.cpp:39] profiler_start
USDT:2026-09-30 20:27:10 1620635:1620635 SyncActivityProfilerHandler.cpp:46] profiler_stop
/mnt/netapp2/Store_uni/home/ulc/ii/lra/Entregable1_Bloque2_HPCTools/BASELINE/entornoTarea1/lib/python3.10/site-packages/torch/profiler/profiler.py:334: UserWarning: Warning: Profiler clears events at the end of each cycle. Only events from the current cycle will be reported. To keep events across cycles, set acc_events=True.
  _warn_once(
USDT:2026-09-30 20:27:11 1620635:1620635 SyncActivityProfilerHandler.cpp:39] profiler_start
USDT:2026-09-30 20:27:12 1620635:1620635 SyncActivityProfilerHandler.cpp:46] profiler_stop
USDT:2026-09-30 20:27:12 1620635:1620635 SyncActivityProfilerHandler.cpp:39] profiler_start
USDT:2026-09-30 20:27:13 1620635:1620635 SyncActivityProfilerHandler.cpp:46] profiler_stop
USDT:2026-09-30 20:27:13 1620635:1620635 SyncActivityProfilerHandler.cpp:39] profiler_start
USDT:2026-09-30 20:27:14 1620635:1620635 SyncActivityProfilerHandler.cpp:46] profiler_stop
USDT:2026-09-30 20:27:15 1620635:1620635 SyncActivityProfilerHandler.cpp:39] profiler_start
USDT:2026-09-30 20:27:16 1620635:1620635 SyncActivityProfilerHandler.cpp:46] profiler_stop
USDT:2026-09-30 20:27:16 1620635:1620635 SyncActivityProfilerHandler.cpp:39] profiler_start
USDT:2026-09-30 20:27:17 1620635:1620635 SyncActivityProfilerHandler.cpp:46] profiler_stop
USDT:2026-09-30 20:27:18 1620635:1620635 SyncActivityProfilerHandler.cpp:39] profiler_start
USDT:2026-09-30 20:27:19 1620635:1620635 SyncActivityProfilerHandler.cpp:46] profiler_stop
USDT:2026-09-30 20:27:19 1620635:1620635 SyncActivityProfilerHandler.cpp:39] profiler_start
USDT:2026-09-30 20:27:20 1620635:1620635 SyncActivityProfilerHandler.cpp:46] profiler_stop
USDT:2026-09-30 20:27:20 1620635:1620635 SyncActivityProfilerHandler.cpp:39] profiler_start
USDT:2026-09-30 20:27:21 1620635:1620635 SyncActivityProfilerHandler.cpp:46] profiler_stop
USDT:2026-09-30 20:27:22 1620635:1620635 SyncActivityProfilerHandler.cpp:39] profiler_start
USDT:2026-09-30 20:27:23 1620635:1620635 SyncActivityProfilerHandler.cpp:46] profiler_stop
USDT:2026-09-30 20:27:23 1620635:1620635 SyncActivityProfilerHandler.cpp:39] profiler_start
USDT:2026-09-30 20:27:24 1620635:1620635 SyncActivityProfilerHandler.cpp:46] profiler_stop
USDT:2026-09-30 20:27:25 1620635:1620635 SyncActivityProfilerHandler.cpp:39] profiler_start
USDT:2026-09-30 20:27:26 1620635:1620635 SyncActivityProfilerHandler.cpp:46] profiler_stop
USDT:2026-09-30 20:27:26 1620635:1620635 SyncActivityProfilerHandler.cpp:39] profiler_start
USDT:2026-09-30 20:27:27 1620635:1620635 SyncActivityProfilerHandler.cpp:46] profiler_stop
USDT:2026-09-30 20:27:28 1620635:1620635 SyncActivityProfilerHandler.cpp:39] profiler_start
USDT:2026-09-30 20:27:29 1620635:1620635 SyncActivityProfilerHandler.cpp:46] profiler_stop
USDT:2026-09-30 20:27:29 1620635:1620635 SyncActivityProfilerHandler.cpp:39] profiler_start
USDT:2026-09-30 20:27:30 1620635:1620635 SyncActivityProfilerHandler.cpp:46] profiler_stop
USDT:2026-09-30 20:27:31 1620635:1620635 SyncActivityProfilerHandler.cpp:39] profiler_start
USDT:2026-09-30 20:27:31 1620635:1620635 SyncActivityProfilerHandler.cpp:46] profiler_stop
USDT:2026-09-30 20:27:32 1620635:1620635 SyncActivityProfilerHandler.cpp:39] profiler_start
USDT:2026-09-30 20:27:33 1620635:1620635 SyncActivityProfilerHandler.cpp:46] profiler_stop
USDT:2026-09-30 20:27:33 1620635:1620635 SyncActivityProfilerHandler.cpp:39] profiler_start
USDT:2026-09-30 20:27:34 1620635:1620635 SyncActivityProfilerHandler.cpp:46] profiler_stop
USDT:2026-09-30 20:27:35 1620635:1620635 SyncActivityProfilerHandler.cpp:39] profiler_start
USDT:2026-09-30 20:27:36 1620635:1620635 SyncActivityProfilerHandler.cpp:46] profiler_stop
USDT:2026-09-30 20:27:36 1620635:1620635 SyncActivityProfilerHandler.cpp:39] profiler_start
USDT:2026-09-30 20:27:37 1620635:1620635 SyncActivityProfilerHandler.cpp:46] profiler_stop
USDT:2026-09-30 20:27:38 1620635:1620635 SyncActivityProfilerHandler.cpp:39] profiler_start
USDT:2026-09-30 20:27:39 1620635:1620635 SyncActivityProfilerHandler.cpp:46] profiler_stop
USDT:2026-09-30 20:27:39 1620635:1620635 SyncActivityProfilerHandler.cpp:39] profiler_start
USDT:2026-09-30 20:27:40 1620635:1620635 SyncActivityProfilerHandler.cpp:46] profiler_stop
USDT:2026-09-30 20:27:41 1620635:1620635 SyncActivityProfilerHandler.cpp:39] profiler_start
USDT:2026-09-30 20:27:42 1620635:1620635 SyncActivityProfilerHandler.cpp:46] profiler_stop
USDT:2026-09-30 20:27:42 1620635:1620635 SyncActivityProfilerHandler.cpp:39] profiler_start
USDT:2026-09-30 20:27:43 1620635:1620635 SyncActivityProfilerHandler.cpp:46] profiler_stop
USDT:2026-09-30 20:27:44 1620635:1620635 SyncActivityProfilerHandler.cpp:39] profiler_start
USDT:2026-09-30 20:27:45 1620635:1620635 SyncActivityProfilerHandler.cpp:46] profiler_stop
USDT:2026-09-30 20:27:45 1620635:1620635 SyncActivityProfilerHandler.cpp:39] profiler_start
USDT:2026-09-30 20:27:46 1620635:1620635 SyncActivityProfilerHandler.cpp:46] profiler_stop
USDT:2026-09-30 20:27:46 1620635:1620635 SyncActivityProfilerHandler.cpp:39] profiler_start
USDT:2026-09-30 20:27:47 1620635:1620635 SyncActivityProfilerHandler.cpp:46] profiler_stop
USDT:2026-09-30 20:27:48 1620635:1620635 SyncActivityProfilerHandler.cpp:39] profiler_start
USDT:2026-09-30 20:27:49 1620635:1620635 SyncActivityProfilerHandler.cpp:46] profiler_stop
USDT:2026-09-30 20:27:49 1620635:1620635 SyncActivityProfilerHandler.cpp:39] profiler_start
USDT:2026-09-30 20:27:50 1620635:1620635 SyncActivityProfilerHandler.cpp:46] profiler_stop
USDT:2026-09-30 20:27:51 1620635:1620635 SyncActivityProfilerHandler.cpp:39] profiler_start
USDT:2026-09-30 20:27:52 1620635:1620635 SyncActivityProfilerHandler.cpp:46] profiler_stop
USDT:2026-09-30 20:27:52 1620635:1620635 SyncActivityProfilerHandler.cpp:39] profiler_start
USDT:2026-09-30 20:27:53 1620635:1620635 SyncActivityProfilerHandler.cpp:46] profiler_stop
USDT:2026-09-30 20:27:54 1620635:1620635 SyncActivityProfilerHandler.cpp:39] profiler_start
USDT:2026-09-30 20:27:55 1620635:1620635 SyncActivityProfilerHandler.cpp:46] profiler_stop
USDT:2026-09-30 20:27:55 1620635:1620635 SyncActivityProfilerHandler.cpp:39] profiler_start
USDT:2026-09-30 20:27:56 1620635:1620635 SyncActivityProfilerHandler.cpp:46] profiler_stop
USDT:2026-09-30 20:27:57 1620635:1620635 SyncActivityProfilerHandler.cpp:39] profiler_start
USDT:2026-09-30 20:27:58 1620635:1620635 SyncActivityProfilerHandler.cpp:46] profiler_stop
USDT:2026-09-30 20:27:58 1620635:1620635 SyncActivityProfilerHandler.cpp:39] profiler_start
USDT:2026-09-30 20:27:59 1620635:1620635 SyncActivityProfilerHandler.cpp:46] profiler_stop
USDT:2026-09-30 20:28:00 1620635:1620635 SyncActivityProfilerHandler.cpp:39] profiler_start
USDT:2026-09-30 20:28:01 1620635:1620635 SyncActivityProfilerHandler.cpp:46] profiler_stop
USDT:2026-09-30 20:28:01 1620635:1620635 SyncActivityProfilerHandler.cpp:39] profiler_start
USDT:2026-09-30 20:28:02 1620635:1620635 SyncActivityProfilerHandler.cpp:46] profiler_stop
USDT:2026-09-30 20:28:02 1620635:1620635 SyncActivityProfilerHandler.cpp:39] profiler_start
USDT:2026-09-30 20:28:03 1620635:1620635 SyncActivityProfilerHandler.cpp:46] profiler_stop
USDT:2026-09-30 20:28:04 1620635:1620635 SyncActivityProfilerHandler.cpp:39] profiler_start
USDT:2026-09-30 20:28:05 1620635:1620635 SyncActivityProfilerHandler.cpp:46] profiler_stop
USDT:2026-09-30 20:28:05 1620635:1620635 SyncActivityProfilerHandler.cpp:39] profiler_start
USDT:2026-09-30 20:28:06 1620635:1620635 SyncActivityProfilerHandler.cpp:46] profiler_stop
USDT:2026-09-30 20:28:07 1620635:1620635 SyncActivityProfilerHandler.cpp:39] profiler_start
USDT:2026-09-30 20:28:08 1620635:1620635 SyncActivityProfilerHandler.cpp:46] profiler_stop
USDT:2026-09-30 20:28:08 1620635:1620635 SyncActivityProfilerHandler.cpp:39] profiler_start
USDT:2026-09-30 20:28:09 1620635:1620635 SyncActivityProfilerHandler.cpp:46] profiler_stop
USDT:2026-09-30 20:28:10 1620635:1620635 SyncActivityProfilerHandler.cpp:39] profiler_start
USDT:2026-09-30 20:28:11 1620635:1620635 SyncActivityProfilerHandler.cpp:46] profiler_stop
USDT:2026-09-30 20:28:11 1620635:1620635 SyncActivityProfilerHandler.cpp:39] profiler_start
USDT:2026-09-30 20:28:12 1620635:1620635 SyncActivityProfilerHandler.cpp:46] profiler_stop
USDT:2026-09-30 20:28:13 1620635:1620635 SyncActivityProfilerHandler.cpp:39] profiler_start
USDT:2026-09-30 20:28:14 1620635:1620635 SyncActivityProfilerHandler.cpp:46] profiler_stop
USDT:2026-09-30 20:28:14 1620635:1620635 SyncActivityProfilerHandler.cpp:39] profiler_start
USDT:2026-09-30 20:28:15 1620635:1620635 SyncActivityProfilerHandler.cpp:46] profiler_stop
USDT:2026-09-30 20:28:16 1620635:1620635 SyncActivityProfilerHandler.cpp:39] profiler_start
USDT:2026-09-30 20:28:17 1620635:1620635 SyncActivityProfilerHandler.cpp:46] profiler_stop
USDT:2026-09-30 20:28:17 1620635:1620635 SyncActivityProfilerHandler.cpp:39] profiler_start
USDT:2026-09-30 20:28:18 1620635:1620635 SyncActivityProfilerHandler.cpp:46] profiler_stop
USDT:2026-09-30 20:28:19 1620635:1620635 SyncActivityProfilerHandler.cpp:39] profiler_start
USDT:2026-09-30 20:28:19 1620635:1620635 SyncActivityProfilerHandler.cpp:46] profiler_stop
USDT:2026-09-30 20:28:20 1620635:1620635 SyncActivityProfilerHandler.cpp:39] profiler_start
USDT:2026-09-30 20:28:21 1620635:1620635 SyncActivityProfilerHandler.cpp:46] profiler_stop
USDT:2026-09-30 20:28:21 1620635:1620635 SyncActivityProfilerHandler.cpp:39] profiler_start
USDT:2026-09-30 20:28:22 1620635:1620635 SyncActivityProfilerHandler.cpp:46] profiler_stop
USDT:2026-09-30 20:28:23 1620635:1620635 SyncActivityProfilerHandler.cpp:39] profiler_start
USDT:2026-09-30 20:28:24 1620635:1620635 SyncActivityProfilerHandler.cpp:46] profiler_stop
USDT:2026-09-30 20:28:24 1620635:1620635 SyncActivityProfilerHandler.cpp:39] profiler_start
USDT:2026-09-30 20:28:25 1620635:1620635 SyncActivityProfilerHandler.cpp:46] profiler_stop
USDT:2026-09-30 20:28:26 1620635:1620635 SyncActivityProfilerHandler.cpp:39] profiler_start
USDT:2026-09-30 20:28:27 1620635:1620635 SyncActivityProfilerHandler.cpp:46] profiler_stop
USDT:2026-09-30 20:28:27 1620635:1620635 SyncActivityProfilerHandler.cpp:39] profiler_start
USDT:2026-09-30 20:28:28 1620635:1620635 SyncActivityProfilerHandler.cpp:46] profiler_stop
USDT:2026-09-30 20:28:29 1620635:1620635 SyncActivityProfilerHandler.cpp:39] profiler_start
USDT:2026-09-30 20:28:30 1620635:1620635 SyncActivityProfilerHandler.cpp:46] profiler_stop
USDT:2026-09-30 20:28:30 1620635:1620635 SyncActivityProfilerHandler.cpp:39] profiler_start
USDT:2026-09-30 20:28:31 1620635:1620635 SyncActivityProfilerHandler.cpp:46] profiler_stop
USDT:2026-09-30 20:28:32 1620635:1620635 SyncActivityProfilerHandler.cpp:39] profiler_start
USDT:2026-09-30 20:28:33 1620635:1620635 SyncActivityProfilerHandler.cpp:46] profiler_stop
USDT:2026-09-30 20:28:33 1620635:1620635 SyncActivityProfilerHandler.cpp:39] profiler_start
USDT:2026-09-30 20:28:34 1620635:1620635 SyncActivityProfilerHandler.cpp:46] profiler_stop
USDT:2026-09-30 20:28:35 1620635:1620635 SyncActivityProfilerHandler.cpp:39] profiler_start
USDT:2026-09-30 20:28:36 1620635:1620635 SyncActivityProfilerHandler.cpp:46] profiler_stop
USDT:2026-09-30 20:28:36 1620635:1620635 SyncActivityProfilerHandler.cpp:39] profiler_start
USDT:2026-09-30 20:28:37 1620635:1620635 SyncActivityProfilerHandler.cpp:46] profiler_stop
USDT:2026-09-30 20:28:37 1620635:1620635 SyncActivityProfilerHandler.cpp:39] profiler_start
USDT:2026-09-30 20:28:38 1620635:1620635 SyncActivityProfilerHandler.cpp:46] profiler_stop
USDT:2026-09-30 20:28:39 1620635:1620635 SyncActivityProfilerHandler.cpp:39] profiler_start
USDT:2026-09-30 20:28:40 1620635:1620635 SyncActivityProfilerHandler.cpp:46] profiler_stop
USDT:2026-09-30 20:28:40 1620635:1620635 SyncActivityProfilerHandler.cpp:39] profiler_start
USDT:2026-09-30 20:28:41 1620635:1620635 SyncActivityProfilerHandler.cpp:46] profiler_stop
USDT:2026-09-30 20:28:42 1620635:1620635 SyncActivityProfilerHandler.cpp:39] profiler_start
USDT:2026-09-30 20:28:43 1620635:1620635 SyncActivityProfilerHandler.cpp:46] profiler_stop
USDT:2026-09-30 20:28:43 1620635:1620635 SyncActivityProfilerHandler.cpp:39] profiler_start
USDT:2026-09-30 20:28:44 1620635:1620635 SyncActivityProfilerHandler.cpp:46] profiler_stop
USDT:2026-09-30 20:28:45 1620635:1620635 SyncActivityProfilerHandler.cpp:39] profiler_start
USDT:2026-09-30 20:28:46 1620635:1620635 SyncActivityProfilerHandler.cpp:46] profiler_stop
USDT:2026-09-30 20:28:46 1620635:1620635 SyncActivityProfilerHandler.cpp:39] profiler_start
USDT:2026-09-30 20:28:47 1620635:1620635 SyncActivityProfilerHandler.cpp:46] profiler_stop
USDT:2026-09-30 20:28:48 1620635:1620635 SyncActivityProfilerHandler.cpp:39] profiler_start
USDT:2026-09-30 20:28:49 1620635:1620635 SyncActivityProfilerHandler.cpp:46] profiler_stop
USDT:2026-09-30 20:28:49 1620635:1620635 SyncActivityProfilerHandler.cpp:39] profiler_start
USDT:2026-09-30 20:28:50 1620635:1620635 SyncActivityProfilerHandler.cpp:46] profiler_stop
USDT:2026-09-30 20:28:51 1620635:1620635 SyncActivityProfilerHandler.cpp:39] profiler_start
USDT:2026-09-30 20:28:52 1620635:1620635 SyncActivityProfilerHandler.cpp:46] profiler_stop
USDT:2026-09-30 20:28:52 1620635:1620635 SyncActivityProfilerHandler.cpp:39] profiler_start
USDT:2026-09-30 20:28:53 1620635:1620635 SyncActivityProfilerHandler.cpp:46] profiler_stop
USDT:2026-09-30 20:28:54 1620635:1620635 SyncActivityProfilerHandler.cpp:39] profiler_start
USDT:2026-09-30 20:28:55 1620635:1620635 SyncActivityProfilerHandler.cpp:46] profiler_stop
USDT:2026-09-30 20:28:55 1620635:1620635 SyncActivityProfilerHandler.cpp:39] profiler_start
USDT:2026-09-30 20:28:56 1620635:1620635 SyncActivityProfilerHandler.cpp:46] profiler_stop
USDT:2026-09-30 20:28:56 1620635:1620635 SyncActivityProfilerHandler.cpp:39] profiler_start
USDT:2026-09-30 20:28:57 1620635:1620635 SyncActivityProfilerHandler.cpp:46] profiler_stop
USDT:2026-09-30 20:28:58 1620635:1620635 SyncActivityProfilerHandler.cpp:39] profiler_start
USDT:2026-09-30 20:28:59 1620635:1620635 SyncActivityProfilerHandler.cpp:46] profiler_stop
USDT:2026-09-30 20:28:59 1620635:1620635 SyncActivityProfilerHandler.cpp:39] profiler_start
USDT:2026-09-30 20:29:00 1620635:1620635 SyncActivityProfilerHandler.cpp:46] profiler_stop
USDT:2026-09-30 20:29:01 1620635:1620635 SyncActivityProfilerHandler.cpp:39] profiler_start
USDT:2026-09-30 20:29:02 1620635:1620635 SyncActivityProfilerHandler.cpp:46] profiler_stop
USDT:2026-09-30 20:29:02 1620635:1620635 SyncActivityProfilerHandler.cpp:39] profiler_start
USDT:2026-09-30 20:29:03 1620635:1620635 SyncActivityProfilerHandler.cpp:46] profiler_stop
USDT:2026-09-30 20:29:04 1620635:1620635 SyncActivityProfilerHandler.cpp:39] profiler_start
USDT:2026-09-30 20:29:05 1620635:1620635 SyncActivityProfilerHandler.cpp:46] profiler_stop
USDT:2026-09-30 20:29:05 1620635:1620635 SyncActivityProfilerHandler.cpp:39] profiler_start
USDT:2026-09-30 20:29:06 1620635:1620635 SyncActivityProfilerHandler.cpp:46] profiler_stop
USDT:2026-09-30 20:29:07 1620635:1620635 SyncActivityProfilerHandler.cpp:39] profiler_start
USDT:2026-09-30 20:29:08 1620635:1620635 SyncActivityProfilerHandler.cpp:46] profiler_stop
USDT:2026-09-30 20:29:08 1620635:1620635 SyncActivityProfilerHandler.cpp:39] profiler_start
USDT:2026-09-30 20:29:09 1620635:1620635 SyncActivityProfilerHandler.cpp:46] profiler_stop
USDT:2026-09-30 20:29:10 1620635:1620635 SyncActivityProfilerHandler.cpp:39] profiler_start
USDT:2026-09-30 20:29:11 1620635:1620635 SyncActivityProfilerHandler.cpp:46] profiler_stop
USDT:2026-09-30 20:29:11 1620635:1620635 SyncActivityProfilerHandler.cpp:39] profiler_start
USDT:2026-09-30 20:29:12 1620635:1620635 SyncActivityProfilerHandler.cpp:46] profiler_stop
USDT:2026-09-30 20:29:13 1620635:1620635 SyncActivityProfilerHandler.cpp:39] profiler_start
USDT:2026-09-30 20:29:14 1620635:1620635 SyncActivityProfilerHandler.cpp:46] profiler_stop
USDT:2026-09-30 20:29:14 1620635:1620635 SyncActivityProfilerHandler.cpp:39] profiler_start
USDT:2026-09-30 20:29:15 1620635:1620635 SyncActivityProfilerHandler.cpp:46] profiler_stop
USDT:2026-09-30 20:29:16 1620635:1620635 SyncActivityProfilerHandler.cpp:39] profiler_start
USDT:2026-09-30 20:29:17 1620635:1620635 SyncActivityProfilerHandler.cpp:46] profiler_stop
USDT:2026-09-30 20:29:17 1620635:1620635 SyncActivityProfilerHandler.cpp:39] profiler_start
USDT:2026-09-30 20:29:18 1620635:1620635 SyncActivityProfilerHandler.cpp:46] profiler_stop
USDT:2026-09-30 20:29:18 1620635:1620635 SyncActivityProfilerHandler.cpp:39] profiler_start
USDT:2026-09-30 20:29:19 1620635:1620635 SyncActivityProfilerHandler.cpp:46] profiler_stop
USDT:2026-09-30 20:29:20 1620635:1620635 SyncActivityProfilerHandler.cpp:39] profiler_start
USDT:2026-09-30 20:29:21 1620635:1620635 SyncActivityProfilerHandler.cpp:46] profiler_stop
USDT:2026-09-30 20:29:21 1620635:1620635 SyncActivityProfilerHandler.cpp:39] profiler_start
USDT:2026-09-30 20:29:22 1620635:1620635 SyncActivityProfilerHandler.cpp:46] profiler_stop
USDT:2026-09-30 20:29:23 1620635:1620635 SyncActivityProfilerHandler.cpp:39] profiler_start
USDT:2026-09-30 20:29:24 1620635:1620635 SyncActivityProfilerHandler.cpp:46] profiler_stop
USDT:2026-09-30 20:29:24 1620635:1620635 SyncActivityProfilerHandler.cpp:39] profiler_start
USDT:2026-09-30 20:29:25 1620635:1620635 SyncActivityProfilerHandler.cpp:46] profiler_stop
USDT:2026-09-30 20:29:26 1620635:1620635 SyncActivityProfilerHandler.cpp:39] profiler_start
USDT:2026-09-30 20:29:27 1620635:1620635 SyncActivityProfilerHandler.cpp:46] profiler_stop
USDT:2026-09-30 20:29:27 1620635:1620635 SyncActivityProfilerHandler.cpp:39] profiler_start
USDT:2026-09-30 20:29:28 1620635:1620635 SyncActivityProfilerHandler.cpp:46] profiler_stop
USDT:2026-09-30 20:29:29 1620635:1620635 SyncActivityProfilerHandler.cpp:39] profiler_start
USDT:2026-09-30 20:29:30 1620635:1620635 SyncActivityProfilerHandler.cpp:46] profiler_stop
USDT:2026-09-30 20:29:30 1620635:1620635 SyncActivityProfilerHandler.cpp:39] profiler_start
USDT:2026-09-30 20:29:31 1620635:1620635 SyncActivityProfilerHandler.cpp:46] profiler_stop
USDT:2026-09-30 20:29:32 1620635:1620635 SyncActivityProfilerHandler.cpp:39] profiler_start
USDT:2026-09-30 20:29:33 1620635:1620635 SyncActivityProfilerHandler.cpp:46] profiler_stop
USDT:2026-09-30 20:29:33 1620635:1620635 SyncActivityProfilerHandler.cpp:39] profiler_start
USDT:2026-09-30 20:29:34 1620635:1620635 SyncActivityProfilerHandler.cpp:46] profiler_stop
USDT:2026-09-30 20:29:35 1620635:1620635 SyncActivityProfilerHandler.cpp:39] profiler_start
USDT:2026-09-30 20:29:36 1620635:1620635 SyncActivityProfilerHandler.cpp:46] profiler_stop
USDT:2026-09-30 20:29:36 1620635:1620635 SyncActivityProfilerHandler.cpp:39] profiler_start
USDT:2026-09-30 20:29:37 1620635:1620635 SyncActivityProfilerHandler.cpp:46] profiler_stop

=== PROFILER SUMMARY ===
-------------------------------------------------------  ------------  ------------  ------------  ------------  ------------  ------------  ------------  ------------  ------------  ------------  ------------  ------------  ------------  ------------  
                                                   Name    Self CPU %      Self CPU   CPU total %     CPU total  CPU time avg     Self CUDA   Self CUDA %    CUDA total  CUDA time avg       CPU Mem  Self CPU Mem      CUDA Mem  Self CUDA Mem    # of Calls  
-------------------------------------------------------  ------------  ------------  ------------  ------------  ------------  ------------  ------------  ------------  ------------  ------------  ------------  ------------  ------------  ------------  
    autograd::engine::evaluate_function: AddmmBackward0         0.29%       2.975ms         2.29%      23.171ms     105.805us       0.000us         0.00%     412.365ms       1.883ms           0 B           0 B      -2.85 GB      -9.55 GB           219  
                                         AddmmBackward0         0.18%       1.785ms         1.38%      14.016ms      64.000us       0.000us         0.00%     404.563ms       1.847ms           0 B           0 B       6.70 GB           0 B           219  
                                               aten::mm         0.66%       6.695ms         0.94%       9.513ms      21.720us     404.563ms        42.51%     404.563ms     923.660us           0 B           0 B       6.70 GB       6.70 GB           438  
                                          ProfilerStep*         8.23%      83.414ms        74.21%     752.413ms     250.804ms       0.000us         0.00%     258.854ms      86.285ms           0 B        -576 B           0 B     -12.42 GB             3  
                                          ProfilerStep*         0.00%       0.000us         0.00%       0.000us       0.000us     240.977ms        25.32%     240.977ms      80.326ms           0 B           0 B           0 B           0 B             3  
                                           aten::linear         0.13%       1.356ms         1.08%      10.930ms      49.909us       0.000us         0.00%     204.214ms     932.482us           0 B           0 B       5.70 GB           0 B           219  
                                            aten::addmm         0.53%       5.396ms         0.70%       7.084ms      32.347us     204.214ms        21.46%     204.214ms     932.482us           0 B           0 B       5.70 GB       5.70 GB           219  
                        ampere_sgemm_64x32_sliced1x4_nt         0.00%       0.000us         0.00%       0.000us       0.000us     190.952ms        20.07%     190.952ms     795.634us           0 B           0 B           0 B           0 B           240  
                                 ampere_sgemm_128x32_nn         0.00%       0.000us         0.00%       0.000us       0.000us     178.432ms        18.75%     178.432ms     731.277us           0 B           0 B           0 B           0 B           244  
                                 ampere_sgemm_128x32_tn         0.00%       0.000us         0.00%       0.000us       0.000us     165.462ms        17.39%     165.462ms     776.815us           0 B           0 B           0 B           0 B           213  
-------------------------------------------------------  ------------  ------------  ------------  ------------  ------------  ------------  ------------  ------------  ------------  ------------  ------------  ------------  ------------  ------------  
Self CPU time total: 1.014s
Self CUDA time total: 951.596ms


Resultados tras 500 pasos (descartando 10 de warmup):
 training time medido      : 147.48 s (2.46 min)
 samples / s               : 54.25
 peak GPU memory           : 5095.14 MB
 achieved TFLOP/s          : 11.6477
 MFU % (Hardware real)     : 59.73% (Techo: 19.5 TFLOP/s)
 MFU % (vs Tensor Cores)   : 3.73% (Techo: 312.0 TFLOP/s)
 final loss                : 2.057086

[3/5] RUNNING MIXED PRECISION (BF16)...
Loading weights:   0%|          | 0/197 [00:00<?, ?it/s]Loading weights: 100%|██████████| 197/197 [00:00<00:00, 8834.36it/s]
[transformers] [1mBertForQuestionAnswering LOAD REPORT[0m from: bert-base-uncased
Key                                        | Status     | 
-------------------------------------------+------------+-
cls.predictions.transform.LayerNorm.bias   | UNEXPECTED | 
cls.predictions.transform.LayerNorm.weight | UNEXPECTED | 
cls.predictions.transform.dense.weight     | UNEXPECTED | 
cls.seq_relationship.weight                | UNEXPECTED | 
bert.pooler.dense.weight                   | UNEXPECTED | 
bert.pooler.dense.bias                     | UNEXPECTED | 
cls.predictions.transform.dense.bias       | UNEXPECTED | 
cls.seq_relationship.bias                  | UNEXPECTED | 
cls.predictions.bias                       | UNEXPECTED | 
qa_outputs.bias                            | MISSING    | 
qa_outputs.weight                          | MISSING    | 

Notes:
- UNEXPECTED:	can be ignored when loading from different task/architecture; not ok if you expect identical arch.
- MISSING:	those params were newly initialized because missing from the checkpoint. Consider training on your downstream task.
Warning: You are sending unauthenticated requests to the HF Hub. Please set a HF_TOKEN to enable higher rate limits and faster downloads.

============================================================
 CÓMPUTO CALCULADO AUTOMÁTICAMENTE (POR SECUENCIA)
 MACs Forward (1 seq)       : 35,333,406,720
 FLOPs Forward (1 seq)      : 70,666,813,440
 FLOPs Train (Fwd + Bwd)    : 214,718,349,312
 Constante por secuencia    : 2.14718349e-01 TFLOPs
============================================================

--- BS=16 | Workers=16 | PinMem=True | AMP=True | Compile=False | Profile=True ---
USDT:2026-09-30 20:29:55 1620807:1620807 SyncActivityProfilerHandler.cpp:39] profiler_start
USDT:2026-09-30 20:29:55 1620807:1620807 SyncActivityProfilerHandler.cpp:46] profiler_stop
/mnt/netapp2/Store_uni/home/ulc/ii/lra/Entregable1_Bloque2_HPCTools/BASELINE/entornoTarea1/lib/python3.10/site-packages/torch/profiler/profiler.py:334: UserWarning: Warning: Profiler clears events at the end of each cycle. Only events from the current cycle will be reported. To keep events across cycles, set acc_events=True.
  _warn_once(
USDT:2026-09-30 20:29:56 1620807:1620807 SyncActivityProfilerHandler.cpp:39] profiler_start
USDT:2026-09-30 20:29:56 1620807:1620807 SyncActivityProfilerHandler.cpp:46] profiler_stop
USDT:2026-09-30 20:29:56 1620807:1620807 SyncActivityProfilerHandler.cpp:39] profiler_start
USDT:2026-09-30 20:29:56 1620807:1620807 SyncActivityProfilerHandler.cpp:46] profiler_stop
USDT:2026-09-30 20:29:57 1620807:1620807 SyncActivityProfilerHandler.cpp:39] profiler_start
USDT:2026-09-30 20:29:57 1620807:1620807 SyncActivityProfilerHandler.cpp:46] profiler_stop
USDT:2026-09-30 20:29:57 1620807:1620807 SyncActivityProfilerHandler.cpp:39] profiler_start
USDT:2026-09-30 20:29:58 1620807:1620807 SyncActivityProfilerHandler.cpp:46] profiler_stop
USDT:2026-09-30 20:29:58 1620807:1620807 SyncActivityProfilerHandler.cpp:39] profiler_start
USDT:2026-09-30 20:29:58 1620807:1620807 SyncActivityProfilerHandler.cpp:46] profiler_stop
USDT:2026-09-30 20:29:59 1620807:1620807 SyncActivityProfilerHandler.cpp:39] profiler_start
USDT:2026-09-30 20:29:59 1620807:1620807 SyncActivityProfilerHandler.cpp:46] profiler_stop
USDT:2026-09-30 20:29:59 1620807:1620807 SyncActivityProfilerHandler.cpp:39] profiler_start
USDT:2026-09-30 20:29:59 1620807:1620807 SyncActivityProfilerHandler.cpp:46] profiler_stop
USDT:2026-09-30 20:30:00 1620807:1620807 SyncActivityProfilerHandler.cpp:39] profiler_start
USDT:2026-09-30 20:30:00 1620807:1620807 SyncActivityProfilerHandler.cpp:46] profiler_stop
USDT:2026-09-30 20:30:01 1620807:1620807 SyncActivityProfilerHandler.cpp:39] profiler_start
USDT:2026-09-30 20:30:01 1620807:1620807 SyncActivityProfilerHandler.cpp:46] profiler_stop
USDT:2026-09-30 20:30:01 1620807:1620807 SyncActivityProfilerHandler.cpp:39] profiler_start
USDT:2026-09-30 20:30:01 1620807:1620807 SyncActivityProfilerHandler.cpp:46] profiler_stop
USDT:2026-09-30 20:30:02 1620807:1620807 SyncActivityProfilerHandler.cpp:39] profiler_start
USDT:2026-09-30 20:30:02 1620807:1620807 SyncActivityProfilerHandler.cpp:46] profiler_stop
USDT:2026-09-30 20:30:03 1620807:1620807 SyncActivityProfilerHandler.cpp:39] profiler_start
USDT:2026-09-30 20:30:03 1620807:1620807 SyncActivityProfilerHandler.cpp:46] profiler_stop
USDT:2026-09-30 20:30:03 1620807:1620807 SyncActivityProfilerHandler.cpp:39] profiler_start
USDT:2026-09-30 20:30:03 1620807:1620807 SyncActivityProfilerHandler.cpp:46] profiler_stop
USDT:2026-09-30 20:30:04 1620807:1620807 SyncActivityProfilerHandler.cpp:39] profiler_start
USDT:2026-09-30 20:30:04 1620807:1620807 SyncActivityProfilerHandler.cpp:46] profiler_stop
USDT:2026-09-30 20:30:05 1620807:1620807 SyncActivityProfilerHandler.cpp:39] profiler_start
USDT:2026-09-30 20:30:05 1620807:1620807 SyncActivityProfilerHandler.cpp:46] profiler_stop
USDT:2026-09-30 20:30:05 1620807:1620807 SyncActivityProfilerHandler.cpp:39] profiler_start
USDT:2026-09-30 20:30:05 1620807:1620807 SyncActivityProfilerHandler.cpp:46] profiler_stop
USDT:2026-09-30 20:30:06 1620807:1620807 SyncActivityProfilerHandler.cpp:39] profiler_start
USDT:2026-09-30 20:30:06 1620807:1620807 SyncActivityProfilerHandler.cpp:46] profiler_stop
USDT:2026-09-30 20:30:07 1620807:1620807 SyncActivityProfilerHandler.cpp:39] profiler_start
USDT:2026-09-30 20:30:07 1620807:1620807 SyncActivityProfilerHandler.cpp:46] profiler_stop
USDT:2026-09-30 20:30:07 1620807:1620807 SyncActivityProfilerHandler.cpp:39] profiler_start
USDT:2026-09-30 20:30:07 1620807:1620807 SyncActivityProfilerHandler.cpp:46] profiler_stop
USDT:2026-09-30 20:30:08 1620807:1620807 SyncActivityProfilerHandler.cpp:39] profiler_start
USDT:2026-09-30 20:30:08 1620807:1620807 SyncActivityProfilerHandler.cpp:46] profiler_stop
USDT:2026-09-30 20:30:09 1620807:1620807 SyncActivityProfilerHandler.cpp:39] profiler_start
USDT:2026-09-30 20:30:09 1620807:1620807 SyncActivityProfilerHandler.cpp:46] profiler_stop
USDT:2026-09-30 20:30:09 1620807:1620807 SyncActivityProfilerHandler.cpp:39] profiler_start
USDT:2026-09-30 20:30:09 1620807:1620807 SyncActivityProfilerHandler.cpp:46] profiler_stop
USDT:2026-09-30 20:30:10 1620807:1620807 SyncActivityProfilerHandler.cpp:39] profiler_start
USDT:2026-09-30 20:30:10 1620807:1620807 SyncActivityProfilerHandler.cpp:46] profiler_stop
USDT:2026-09-30 20:30:11 1620807:1620807 SyncActivityProfilerHandler.cpp:39] profiler_start
USDT:2026-09-30 20:30:11 1620807:1620807 SyncActivityProfilerHandler.cpp:46] profiler_stop
USDT:2026-09-30 20:30:11 1620807:1620807 SyncActivityProfilerHandler.cpp:39] profiler_start
USDT:2026-09-30 20:30:12 1620807:1620807 SyncActivityProfilerHandler.cpp:46] profiler_stop
USDT:2026-09-30 20:30:12 1620807:1620807 SyncActivityProfilerHandler.cpp:39] profiler_start
USDT:2026-09-30 20:30:12 1620807:1620807 SyncActivityProfilerHandler.cpp:46] profiler_stop
USDT:2026-09-30 20:30:13 1620807:1620807 SyncActivityProfilerHandler.cpp:39] profiler_start
USDT:2026-09-30 20:30:13 1620807:1620807 SyncActivityProfilerHandler.cpp:46] profiler_stop
USDT:2026-09-30 20:30:13 1620807:1620807 SyncActivityProfilerHandler.cpp:39] profiler_start
USDT:2026-09-30 20:30:14 1620807:1620807 SyncActivityProfilerHandler.cpp:46] profiler_stop
USDT:2026-09-30 20:30:14 1620807:1620807 SyncActivityProfilerHandler.cpp:39] profiler_start
USDT:2026-09-30 20:30:14 1620807:1620807 SyncActivityProfilerHandler.cpp:46] profiler_stop
USDT:2026-09-30 20:30:15 1620807:1620807 SyncActivityProfilerHandler.cpp:39] profiler_start
USDT:2026-09-30 20:30:15 1620807:1620807 SyncActivityProfilerHandler.cpp:46] profiler_stop
USDT:2026-09-30 20:30:15 1620807:1620807 SyncActivityProfilerHandler.cpp:39] profiler_start
USDT:2026-09-30 20:30:16 1620807:1620807 SyncActivityProfilerHandler.cpp:46] profiler_stop
USDT:2026-09-30 20:30:16 1620807:1620807 SyncActivityProfilerHandler.cpp:39] profiler_start
USDT:2026-09-30 20:30:16 1620807:1620807 SyncActivityProfilerHandler.cpp:46] profiler_stop
USDT:2026-09-30 20:30:17 1620807:1620807 SyncActivityProfilerHandler.cpp:39] profiler_start
USDT:2026-09-30 20:30:17 1620807:1620807 SyncActivityProfilerHandler.cpp:46] profiler_stop
USDT:2026-09-30 20:30:17 1620807:1620807 SyncActivityProfilerHandler.cpp:39] profiler_start
USDT:2026-09-30 20:30:18 1620807:1620807 SyncActivityProfilerHandler.cpp:46] profiler_stop
USDT:2026-09-30 20:30:18 1620807:1620807 SyncActivityProfilerHandler.cpp:39] profiler_start
USDT:2026-09-30 20:30:18 1620807:1620807 SyncActivityProfilerHandler.cpp:46] profiler_stop
USDT:2026-09-30 20:30:19 1620807:1620807 SyncActivityProfilerHandler.cpp:39] profiler_start
USDT:2026-09-30 20:30:19 1620807:1620807 SyncActivityProfilerHandler.cpp:46] profiler_stop
USDT:2026-09-30 20:30:19 1620807:1620807 SyncActivityProfilerHandler.cpp:39] profiler_start
USDT:2026-09-30 20:30:20 1620807:1620807 SyncActivityProfilerHandler.cpp:46] profiler_stop
USDT:2026-09-30 20:30:20 1620807:1620807 SyncActivityProfilerHandler.cpp:39] profiler_start
USDT:2026-09-30 20:30:20 1620807:1620807 SyncActivityProfilerHandler.cpp:46] profiler_stop
USDT:2026-09-30 20:30:21 1620807:1620807 SyncActivityProfilerHandler.cpp:39] profiler_start
USDT:2026-09-30 20:30:21 1620807:1620807 SyncActivityProfilerHandler.cpp:46] profiler_stop
USDT:2026-09-30 20:30:21 1620807:1620807 SyncActivityProfilerHandler.cpp:39] profiler_start
USDT:2026-09-30 20:30:22 1620807:1620807 SyncActivityProfilerHandler.cpp:46] profiler_stop
USDT:2026-09-30 20:30:22 1620807:1620807 SyncActivityProfilerHandler.cpp:39] profiler_start
USDT:2026-09-30 20:30:22 1620807:1620807 SyncActivityProfilerHandler.cpp:46] profiler_stop
USDT:2026-09-30 20:30:23 1620807:1620807 SyncActivityProfilerHandler.cpp:39] profiler_start
USDT:2026-09-30 20:30:23 1620807:1620807 SyncActivityProfilerHandler.cpp:46] profiler_stop
USDT:2026-09-30 20:30:24 1620807:1620807 SyncActivityProfilerHandler.cpp:39] profiler_start
USDT:2026-09-30 20:30:24 1620807:1620807 SyncActivityProfilerHandler.cpp:46] profiler_stop
USDT:2026-09-30 20:30:24 1620807:1620807 SyncActivityProfilerHandler.cpp:39] profiler_start
USDT:2026-09-30 20:30:24 1620807:1620807 SyncActivityProfilerHandler.cpp:46] profiler_stop
USDT:2026-09-30 20:30:25 1620807:1620807 SyncActivityProfilerHandler.cpp:39] profiler_start
USDT:2026-09-30 20:30:25 1620807:1620807 SyncActivityProfilerHandler.cpp:46] profiler_stop
USDT:2026-09-30 20:30:26 1620807:1620807 SyncActivityProfilerHandler.cpp:39] profiler_start
USDT:2026-09-30 20:30:26 1620807:1620807 SyncActivityProfilerHandler.cpp:46] profiler_stop
USDT:2026-09-30 20:30:26 1620807:1620807 SyncActivityProfilerHandler.cpp:39] profiler_start
USDT:2026-09-30 20:30:26 1620807:1620807 SyncActivityProfilerHandler.cpp:46] profiler_stop
USDT:2026-09-30 20:30:27 1620807:1620807 SyncActivityProfilerHandler.cpp:39] profiler_start
USDT:2026-09-30 20:30:27 1620807:1620807 SyncActivityProfilerHandler.cpp:46] profiler_stop
USDT:2026-09-30 20:30:28 1620807:1620807 SyncActivityProfilerHandler.cpp:39] profiler_start
USDT:2026-09-30 20:30:28 1620807:1620807 SyncActivityProfilerHandler.cpp:46] profiler_stop
USDT:2026-09-30 20:30:28 1620807:1620807 SyncActivityProfilerHandler.cpp:39] profiler_start
USDT:2026-09-30 20:30:29 1620807:1620807 SyncActivityProfilerHandler.cpp:46] profiler_stop
USDT:2026-09-30 20:30:29 1620807:1620807 SyncActivityProfilerHandler.cpp:39] profiler_start
USDT:2026-09-30 20:30:29 1620807:1620807 SyncActivityProfilerHandler.cpp:46] profiler_stop
USDT:2026-09-30 20:30:30 1620807:1620807 SyncActivityProfilerHandler.cpp:39] profiler_start
USDT:2026-09-30 20:30:30 1620807:1620807 SyncActivityProfilerHandler.cpp:46] profiler_stop
USDT:2026-09-30 20:30:30 1620807:1620807 SyncActivityProfilerHandler.cpp:39] profiler_start
USDT:2026-09-30 20:30:31 1620807:1620807 SyncActivityProfilerHandler.cpp:46] profiler_stop
USDT:2026-09-30 20:30:31 1620807:1620807 SyncActivityProfilerHandler.cpp:39] profiler_start
USDT:2026-09-30 20:30:31 1620807:1620807 SyncActivityProfilerHandler.cpp:46] profiler_stop
USDT:2026-09-30 20:30:32 1620807:1620807 SyncActivityProfilerHandler.cpp:39] profiler_start
USDT:2026-09-30 20:30:32 1620807:1620807 SyncActivityProfilerHandler.cpp:46] profiler_stop
USDT:2026-09-30 20:30:32 1620807:1620807 SyncActivityProfilerHandler.cpp:39] profiler_start
USDT:2026-09-30 20:30:33 1620807:1620807 SyncActivityProfilerHandler.cpp:46] profiler_stop
USDT:2026-09-30 20:30:33 1620807:1620807 SyncActivityProfilerHandler.cpp:39] profiler_start
USDT:2026-09-30 20:30:33 1620807:1620807 SyncActivityProfilerHandler.cpp:46] profiler_stop
USDT:2026-09-30 20:30:34 1620807:1620807 SyncActivityProfilerHandler.cpp:39] profiler_start
USDT:2026-09-30 20:30:34 1620807:1620807 SyncActivityProfilerHandler.cpp:46] profiler_stop
USDT:2026-09-30 20:30:34 1620807:1620807 SyncActivityProfilerHandler.cpp:39] profiler_start
USDT:2026-09-30 20:30:35 1620807:1620807 SyncActivityProfilerHandler.cpp:46] profiler_stop
USDT:2026-09-30 20:30:35 1620807:1620807 SyncActivityProfilerHandler.cpp:39] profiler_start
USDT:2026-09-30 20:30:35 1620807:1620807 SyncActivityProfilerHandler.cpp:46] profiler_stop
USDT:2026-09-30 20:30:36 1620807:1620807 SyncActivityProfilerHandler.cpp:39] profiler_start
USDT:2026-09-30 20:30:36 1620807:1620807 SyncActivityProfilerHandler.cpp:46] profiler_stop
USDT:2026-09-30 20:30:36 1620807:1620807 SyncActivityProfilerHandler.cpp:39] profiler_start
USDT:2026-09-30 20:30:37 1620807:1620807 SyncActivityProfilerHandler.cpp:46] profiler_stop
USDT:2026-09-30 20:30:37 1620807:1620807 SyncActivityProfilerHandler.cpp:39] profiler_start
USDT:2026-09-30 20:30:37 1620807:1620807 SyncActivityProfilerHandler.cpp:46] profiler_stop
USDT:2026-09-30 20:30:38 1620807:1620807 SyncActivityProfilerHandler.cpp:39] profiler_start
USDT:2026-09-30 20:30:38 1620807:1620807 SyncActivityProfilerHandler.cpp:46] profiler_stop
USDT:2026-09-30 20:30:38 1620807:1620807 SyncActivityProfilerHandler.cpp:39] profiler_start
USDT:2026-09-30 20:30:39 1620807:1620807 SyncActivityProfilerHandler.cpp:46] profiler_stop
USDT:2026-09-30 20:30:39 1620807:1620807 SyncActivityProfilerHandler.cpp:39] profiler_start
USDT:2026-09-30 20:30:39 1620807:1620807 SyncActivityProfilerHandler.cpp:46] profiler_stop
USDT:2026-09-30 20:30:40 1620807:1620807 SyncActivityProfilerHandler.cpp:39] profiler_start
USDT:2026-09-30 20:30:40 1620807:1620807 SyncActivityProfilerHandler.cpp:46] profiler_stop
USDT:2026-09-30 20:30:40 1620807:1620807 SyncActivityProfilerHandler.cpp:39] profiler_start
USDT:2026-09-30 20:30:41 1620807:1620807 SyncActivityProfilerHandler.cpp:46] profiler_stop
USDT:2026-09-30 20:30:41 1620807:1620807 SyncActivityProfilerHandler.cpp:39] profiler_start
USDT:2026-09-30 20:30:41 1620807:1620807 SyncActivityProfilerHandler.cpp:46] profiler_stop
USDT:2026-09-30 20:30:42 1620807:1620807 SyncActivityProfilerHandler.cpp:39] profiler_start
USDT:2026-09-30 20:30:42 1620807:1620807 SyncActivityProfilerHandler.cpp:46] profiler_stop
USDT:2026-09-30 20:30:42 1620807:1620807 SyncActivityProfilerHandler.cpp:39] profiler_start
USDT:2026-09-30 20:30:43 1620807:1620807 SyncActivityProfilerHandler.cpp:46] profiler_stop
USDT:2026-09-30 20:30:43 1620807:1620807 SyncActivityProfilerHandler.cpp:39] profiler_start
USDT:2026-09-30 20:30:43 1620807:1620807 SyncActivityProfilerHandler.cpp:46] profiler_stop
USDT:2026-09-30 20:30:44 1620807:1620807 SyncActivityProfilerHandler.cpp:39] profiler_start
USDT:2026-09-30 20:30:44 1620807:1620807 SyncActivityProfilerHandler.cpp:46] profiler_stop
USDT:2026-09-30 20:30:44 1620807:1620807 SyncActivityProfilerHandler.cpp:39] profiler_start
USDT:2026-09-30 20:30:45 1620807:1620807 SyncActivityProfilerHandler.cpp:46] profiler_stop
USDT:2026-09-30 20:30:45 1620807:1620807 SyncActivityProfilerHandler.cpp:39] profiler_start
USDT:2026-09-30 20:30:45 1620807:1620807 SyncActivityProfilerHandler.cpp:46] profiler_stop
USDT:2026-09-30 20:30:46 1620807:1620807 SyncActivityProfilerHandler.cpp:39] profiler_start
USDT:2026-09-30 20:30:46 1620807:1620807 SyncActivityProfilerHandler.cpp:46] profiler_stop
USDT:2026-09-30 20:30:46 1620807:1620807 SyncActivityProfilerHandler.cpp:39] profiler_start
USDT:2026-09-30 20:30:47 1620807:1620807 SyncActivityProfilerHandler.cpp:46] profiler_stop
USDT:2026-09-30 20:30:47 1620807:1620807 SyncActivityProfilerHandler.cpp:39] profiler_start
USDT:2026-09-30 20:30:47 1620807:1620807 SyncActivityProfilerHandler.cpp:46] profiler_stop
USDT:2026-09-30 20:30:48 1620807:1620807 SyncActivityProfilerHandler.cpp:39] profiler_start
USDT:2026-09-30 20:30:48 1620807:1620807 SyncActivityProfilerHandler.cpp:46] profiler_stop
USDT:2026-09-30 20:30:48 1620807:1620807 SyncActivityProfilerHandler.cpp:39] profiler_start
USDT:2026-09-30 20:30:49 1620807:1620807 SyncActivityProfilerHandler.cpp:46] profiler_stop
USDT:2026-09-30 20:30:49 1620807:1620807 SyncActivityProfilerHandler.cpp:39] profiler_start
USDT:2026-09-30 20:30:49 1620807:1620807 SyncActivityProfilerHandler.cpp:46] profiler_stop
USDT:2026-09-30 20:30:50 1620807:1620807 SyncActivityProfilerHandler.cpp:39] profiler_start
USDT:2026-09-30 20:30:50 1620807:1620807 SyncActivityProfilerHandler.cpp:46] profiler_stop
USDT:2026-09-30 20:30:50 1620807:1620807 SyncActivityProfilerHandler.cpp:39] profiler_start
USDT:2026-09-30 20:30:51 1620807:1620807 SyncActivityProfilerHandler.cpp:46] profiler_stop
USDT:2026-09-30 20:30:51 1620807:1620807 SyncActivityProfilerHandler.cpp:39] profiler_start
USDT:2026-09-30 20:30:51 1620807:1620807 SyncActivityProfilerHandler.cpp:46] profiler_stop
USDT:2026-09-30 20:30:52 1620807:1620807 SyncActivityProfilerHandler.cpp:39] profiler_start
USDT:2026-09-30 20:30:52 1620807:1620807 SyncActivityProfilerHandler.cpp:46] profiler_stop
USDT:2026-09-30 20:30:53 1620807:1620807 SyncActivityProfilerHandler.cpp:39] profiler_start
USDT:2026-09-30 20:30:53 1620807:1620807 SyncActivityProfilerHandler.cpp:46] profiler_stop
USDT:2026-09-30 20:30:53 1620807:1620807 SyncActivityProfilerHandler.cpp:39] profiler_start
USDT:2026-09-30 20:30:53 1620807:1620807 SyncActivityProfilerHandler.cpp:46] profiler_stop
USDT:2026-09-30 20:30:54 1620807:1620807 SyncActivityProfilerHandler.cpp:39] profiler_start
USDT:2026-09-30 20:30:54 1620807:1620807 SyncActivityProfilerHandler.cpp:46] profiler_stop
USDT:2026-09-30 20:30:55 1620807:1620807 SyncActivityProfilerHandler.cpp:39] profiler_start
USDT:2026-09-30 20:30:55 1620807:1620807 SyncActivityProfilerHandler.cpp:46] profiler_stop
USDT:2026-09-30 20:30:55 1620807:1620807 SyncActivityProfilerHandler.cpp:39] profiler_start
USDT:2026-09-30 20:30:55 1620807:1620807 SyncActivityProfilerHandler.cpp:46] profiler_stop
USDT:2026-09-30 20:30:56 1620807:1620807 SyncActivityProfilerHandler.cpp:39] profiler_start
USDT:2026-09-30 20:30:56 1620807:1620807 SyncActivityProfilerHandler.cpp:46] profiler_stop
USDT:2026-09-30 20:30:57 1620807:1620807 SyncActivityProfilerHandler.cpp:39] profiler_start
USDT:2026-09-30 20:30:57 1620807:1620807 SyncActivityProfilerHandler.cpp:46] profiler_stop
USDT:2026-09-30 20:30:57 1620807:1620807 SyncActivityProfilerHandler.cpp:39] profiler_start
USDT:2026-09-30 20:30:57 1620807:1620807 SyncActivityProfilerHandler.cpp:46] profiler_stop
USDT:2026-09-30 20:30:58 1620807:1620807 SyncActivityProfilerHandler.cpp:39] profiler_start
USDT:2026-09-30 20:30:58 1620807:1620807 SyncActivityProfilerHandler.cpp:46] profiler_stop
USDT:2026-09-30 20:30:59 1620807:1620807 SyncActivityProfilerHandler.cpp:39] profiler_start
USDT:2026-09-30 20:30:59 1620807:1620807 SyncActivityProfilerHandler.cpp:46] profiler_stop
USDT:2026-09-30 20:30:59 1620807:1620807 SyncActivityProfilerHandler.cpp:39] profiler_start
USDT:2026-09-30 20:30:59 1620807:1620807 SyncActivityProfilerHandler.cpp:46] profiler_stop
USDT:2026-09-30 20:31:00 1620807:1620807 SyncActivityProfilerHandler.cpp:39] profiler_start
USDT:2026-09-30 20:31:00 1620807:1620807 SyncActivityProfilerHandler.cpp:46] profiler_stop
USDT:2026-09-30 20:31:01 1620807:1620807 SyncActivityProfilerHandler.cpp:39] profiler_start
USDT:2026-09-30 20:31:01 1620807:1620807 SyncActivityProfilerHandler.cpp:46] profiler_stop
USDT:2026-09-30 20:31:01 1620807:1620807 SyncActivityProfilerHandler.cpp:39] profiler_start
USDT:2026-09-30 20:31:01 1620807:1620807 SyncActivityProfilerHandler.cpp:46] profiler_stop
USDT:2026-09-30 20:31:02 1620807:1620807 SyncActivityProfilerHandler.cpp:39] profiler_start
USDT:2026-09-30 20:31:02 1620807:1620807 SyncActivityProfilerHandler.cpp:46] profiler_stop
USDT:2026-09-30 20:31:03 1620807:1620807 SyncActivityProfilerHandler.cpp:39] profiler_start
USDT:2026-09-30 20:31:03 1620807:1620807 SyncActivityProfilerHandler.cpp:46] profiler_stop

=== PROFILER SUMMARY ===
-------------------------------------------------------  ------------  ------------  ------------  ------------  ------------  ------------  ------------  ------------  ------------  ------------  ------------  ------------  ------------  ------------  
                                                   Name    Self CPU %      Self CPU   CPU total %     CPU total  CPU time avg     Self CUDA   Self CUDA %    CUDA total  CUDA time avg       CPU Mem  Self CPU Mem      CUDA Mem  Self CUDA Mem    # of Calls  
-------------------------------------------------------  ------------  ------------  ------------  ------------  ------------  ------------  ------------  ------------  ------------  ------------  ------------  ------------  ------------  ------------  
                                          ProfilerStep*        41.24%     109.136ms        70.73%     187.160ms      62.387ms       0.000us         0.00%      64.539ms      21.513ms           0 B        -576 B           0 B      -9.09 GB             3  
                                          ProfilerStep*         0.00%       0.000us         0.00%       0.000us       0.000us      59.665ms        36.43%      59.665ms      19.888ms           0 B           0 B           0 B           0 B             3  
                                           aten::linear         1.08%       2.857ms        14.15%      37.440ms      85.480us       0.000us         0.00%      43.783ms      99.962us           0 B           0 B       7.58 GB           0 B           438  
    autograd::engine::evaluate_function: AddmmBackward0         1.19%       3.160ms         9.48%      25.096ms     114.592us       0.000us         0.00%      39.186ms     178.930us           0 B           0 B      -2.53 GB      -6.00 GB           219  
                                         AddmmBackward0         0.70%       1.842ms         5.87%      15.547ms      70.990us       0.000us         0.00%      33.871ms     154.660us           0 B           0 B       3.47 GB           0 B           219  
                                               aten::mm         2.75%       7.284ms         4.13%      10.924ms      24.940us      33.871ms        20.68%      33.871ms      77.330us           0 B           0 B       3.47 GB       3.47 GB           438  
fmha_cutlassB_bf16_aligned_64x64_k64_dropout_sm80(Py...         0.00%       0.000us         0.00%       0.000us       0.000us      22.131ms        13.51%      22.131ms     582.382us           0 B           0 B           0 B           0 B            38  
autograd::engine::evaluate_function: ScaledDotProduc...         0.25%     652.293us         1.73%       4.566ms     126.843us       0.000us         0.00%      21.364ms     593.440us        -576 B        -576 B    -820.12 MB      -1.75 GB            36  
            ScaledDotProductEfficientAttentionBackward0         0.08%     222.248us         1.48%       3.914ms     108.724us       0.000us         0.00%      21.364ms     593.440us           0 B           0 B     972.00 MB           0 B            36  
aten::_scaled_dot_product_efficient_attention_backwa...         0.20%     540.617us         1.40%       3.692ms     102.550us       0.000us         0.00%      21.364ms     593.440us           0 B           0 B     972.00 MB           0 B            36  
-------------------------------------------------------  ------------  ------------  ------------  ------------  ------------  ------------  ------------  ------------  ------------  ------------  ------------  ------------  ------------  ------------  
Self CPU time total: 264.628ms
Self CUDA time total: 163.777ms


Resultados tras 500 pasos (descartando 10 de warmup):
 training time medido      : 69.83 s (1.16 min)
 samples / s               : 114.56
 peak GPU memory           : 3903.25 MB
 achieved TFLOP/s          : 24.5986
 MFU % (Hardware real)     : 7.88% (Techo: 312.0 TFLOP/s)
 MFU % (vs Tensor Cores)   : 7.88% (Techo: 312.0 TFLOP/s)
 final loss                : 1.336832

[4/5] RUNNING DOUBLE BATCH SIZE...
Loading weights:   0%|          | 0/197 [00:00<?, ?it/s]Loading weights: 100%|██████████| 197/197 [00:00<00:00, 8812.60it/s]
[transformers] [1mBertForQuestionAnswering LOAD REPORT[0m from: bert-base-uncased
Key                                        | Status     | 
-------------------------------------------+------------+-
cls.seq_relationship.bias                  | UNEXPECTED | 
cls.predictions.transform.dense.bias       | UNEXPECTED | 
bert.pooler.dense.weight                   | UNEXPECTED | 
bert.pooler.dense.bias                     | UNEXPECTED | 
cls.seq_relationship.weight                | UNEXPECTED | 
cls.predictions.transform.dense.weight     | UNEXPECTED | 
cls.predictions.transform.LayerNorm.bias   | UNEXPECTED | 
cls.predictions.bias                       | UNEXPECTED | 
cls.predictions.transform.LayerNorm.weight | UNEXPECTED | 
qa_outputs.weight                          | MISSING    | 
qa_outputs.bias                            | MISSING    | 

Notes:
- UNEXPECTED:	can be ignored when loading from different task/architecture; not ok if you expect identical arch.
- MISSING:	those params were newly initialized because missing from the checkpoint. Consider training on your downstream task.
Warning: You are sending unauthenticated requests to the HF Hub. Please set a HF_TOKEN to enable higher rate limits and faster downloads.

============================================================
 CÓMPUTO CALCULADO AUTOMÁTICAMENTE (POR SECUENCIA)
 MACs Forward (1 seq)       : 35,333,406,720
 FLOPs Forward (1 seq)      : 70,666,813,440
 FLOPs Train (Fwd + Bwd)    : 214,718,349,312
 Constante por secuencia    : 2.14718349e-01 TFLOPs
============================================================

--- BS=32 | Workers=16 | PinMem=True | AMP=True | Compile=False | Profile=True ---
USDT:2026-09-30 20:31:27 1621030:1621030 SyncActivityProfilerHandler.cpp:39] profiler_start
USDT:2026-09-30 20:31:28 1621030:1621030 SyncActivityProfilerHandler.cpp:46] profiler_stop
/mnt/netapp2/Store_uni/home/ulc/ii/lra/Entregable1_Bloque2_HPCTools/BASELINE/entornoTarea1/lib/python3.10/site-packages/torch/profiler/profiler.py:334: UserWarning: Warning: Profiler clears events at the end of each cycle. Only events from the current cycle will be reported. To keep events across cycles, set acc_events=True.
  _warn_once(
USDT:2026-09-30 20:31:28 1621030:1621030 SyncActivityProfilerHandler.cpp:39] profiler_start
USDT:2026-09-30 20:31:28 1621030:1621030 SyncActivityProfilerHandler.cpp:46] profiler_stop
USDT:2026-09-30 20:31:29 1621030:1621030 SyncActivityProfilerHandler.cpp:39] profiler_start
USDT:2026-09-30 20:31:29 1621030:1621030 SyncActivityProfilerHandler.cpp:46] profiler_stop
USDT:2026-09-30 20:31:29 1621030:1621030 SyncActivityProfilerHandler.cpp:39] profiler_start
USDT:2026-09-30 20:31:30 1621030:1621030 SyncActivityProfilerHandler.cpp:46] profiler_stop
USDT:2026-09-30 20:31:30 1621030:1621030 SyncActivityProfilerHandler.cpp:39] profiler_start
USDT:2026-09-30 20:31:31 1621030:1621030 SyncActivityProfilerHandler.cpp:46] profiler_stop
USDT:2026-09-30 20:31:31 1621030:1621030 SyncActivityProfilerHandler.cpp:39] profiler_start
USDT:2026-09-30 20:31:31 1621030:1621030 SyncActivityProfilerHandler.cpp:46] profiler_stop
USDT:2026-09-30 20:31:32 1621030:1621030 SyncActivityProfilerHandler.cpp:39] profiler_start
USDT:2026-09-30 20:31:32 1621030:1621030 SyncActivityProfilerHandler.cpp:46] profiler_stop
USDT:2026-09-30 20:31:32 1621030:1621030 SyncActivityProfilerHandler.cpp:39] profiler_start
USDT:2026-09-30 20:31:33 1621030:1621030 SyncActivityProfilerHandler.cpp:46] profiler_stop
USDT:2026-09-30 20:31:33 1621030:1621030 SyncActivityProfilerHandler.cpp:39] profiler_start
USDT:2026-09-30 20:31:34 1621030:1621030 SyncActivityProfilerHandler.cpp:46] profiler_stop
USDT:2026-09-30 20:31:34 1621030:1621030 SyncActivityProfilerHandler.cpp:39] profiler_start
USDT:2026-09-30 20:31:34 1621030:1621030 SyncActivityProfilerHandler.cpp:46] profiler_stop
USDT:2026-09-30 20:31:35 1621030:1621030 SyncActivityProfilerHandler.cpp:39] profiler_start
USDT:2026-09-30 20:31:35 1621030:1621030 SyncActivityProfilerHandler.cpp:46] profiler_stop
USDT:2026-09-30 20:31:36 1621030:1621030 SyncActivityProfilerHandler.cpp:39] profiler_start
USDT:2026-09-30 20:31:36 1621030:1621030 SyncActivityProfilerHandler.cpp:46] profiler_stop
USDT:2026-09-30 20:31:36 1621030:1621030 SyncActivityProfilerHandler.cpp:39] profiler_start
USDT:2026-09-30 20:31:37 1621030:1621030 SyncActivityProfilerHandler.cpp:46] profiler_stop
USDT:2026-09-30 20:31:37 1621030:1621030 SyncActivityProfilerHandler.cpp:39] profiler_start
USDT:2026-09-30 20:31:38 1621030:1621030 SyncActivityProfilerHandler.cpp:46] profiler_stop
USDT:2026-09-30 20:31:38 1621030:1621030 SyncActivityProfilerHandler.cpp:39] profiler_start
USDT:2026-09-30 20:31:38 1621030:1621030 SyncActivityProfilerHandler.cpp:46] profiler_stop
USDT:2026-09-30 20:31:39 1621030:1621030 SyncActivityProfilerHandler.cpp:39] profiler_start
USDT:2026-09-30 20:31:39 1621030:1621030 SyncActivityProfilerHandler.cpp:46] profiler_stop
USDT:2026-09-30 20:31:40 1621030:1621030 SyncActivityProfilerHandler.cpp:39] profiler_start
USDT:2026-09-30 20:31:40 1621030:1621030 SyncActivityProfilerHandler.cpp:46] profiler_stop
USDT:2026-09-30 20:31:40 1621030:1621030 SyncActivityProfilerHandler.cpp:39] profiler_start
USDT:2026-09-30 20:31:41 1621030:1621030 SyncActivityProfilerHandler.cpp:46] profiler_stop
USDT:2026-09-30 20:31:41 1621030:1621030 SyncActivityProfilerHandler.cpp:39] profiler_start
USDT:2026-09-30 20:31:42 1621030:1621030 SyncActivityProfilerHandler.cpp:46] profiler_stop
USDT:2026-09-30 20:31:42 1621030:1621030 SyncActivityProfilerHandler.cpp:39] profiler_start
USDT:2026-09-30 20:31:42 1621030:1621030 SyncActivityProfilerHandler.cpp:46] profiler_stop
USDT:2026-09-30 20:31:43 1621030:1621030 SyncActivityProfilerHandler.cpp:39] profiler_start
USDT:2026-09-30 20:31:43 1621030:1621030 SyncActivityProfilerHandler.cpp:46] profiler_stop
USDT:2026-09-30 20:31:44 1621030:1621030 SyncActivityProfilerHandler.cpp:39] profiler_start
USDT:2026-09-30 20:31:44 1621030:1621030 SyncActivityProfilerHandler.cpp:46] profiler_stop
USDT:2026-09-30 20:31:44 1621030:1621030 SyncActivityProfilerHandler.cpp:39] profiler_start
USDT:2026-09-30 20:31:45 1621030:1621030 SyncActivityProfilerHandler.cpp:46] profiler_stop
USDT:2026-09-30 20:31:45 1621030:1621030 SyncActivityProfilerHandler.cpp:39] profiler_start
USDT:2026-09-30 20:31:46 1621030:1621030 SyncActivityProfilerHandler.cpp:46] profiler_stop
USDT:2026-09-30 20:31:46 1621030:1621030 SyncActivityProfilerHandler.cpp:39] profiler_start
USDT:2026-09-30 20:31:46 1621030:1621030 SyncActivityProfilerHandler.cpp:46] profiler_stop
USDT:2026-09-30 20:31:47 1621030:1621030 SyncActivityProfilerHandler.cpp:39] profiler_start
USDT:2026-09-30 20:31:47 1621030:1621030 SyncActivityProfilerHandler.cpp:46] profiler_stop
USDT:2026-09-30 20:31:48 1621030:1621030 SyncActivityProfilerHandler.cpp:39] profiler_start
USDT:2026-09-30 20:31:48 1621030:1621030 SyncActivityProfilerHandler.cpp:46] profiler_stop
USDT:2026-09-30 20:31:48 1621030:1621030 SyncActivityProfilerHandler.cpp:39] profiler_start
USDT:2026-09-30 20:31:49 1621030:1621030 SyncActivityProfilerHandler.cpp:46] profiler_stop
USDT:2026-09-30 20:31:49 1621030:1621030 SyncActivityProfilerHandler.cpp:39] profiler_start
USDT:2026-09-30 20:31:50 1621030:1621030 SyncActivityProfilerHandler.cpp:46] profiler_stop
USDT:2026-09-30 20:31:50 1621030:1621030 SyncActivityProfilerHandler.cpp:39] profiler_start
USDT:2026-09-30 20:31:50 1621030:1621030 SyncActivityProfilerHandler.cpp:46] profiler_stop
USDT:2026-09-30 20:31:51 1621030:1621030 SyncActivityProfilerHandler.cpp:39] profiler_start
USDT:2026-09-30 20:31:51 1621030:1621030 SyncActivityProfilerHandler.cpp:46] profiler_stop
USDT:2026-09-30 20:31:52 1621030:1621030 SyncActivityProfilerHandler.cpp:39] profiler_start
USDT:2026-09-30 20:31:52 1621030:1621030 SyncActivityProfilerHandler.cpp:46] profiler_stop
USDT:2026-09-30 20:31:52 1621030:1621030 SyncActivityProfilerHandler.cpp:39] profiler_start
USDT:2026-09-30 20:31:53 1621030:1621030 SyncActivityProfilerHandler.cpp:46] profiler_stop
USDT:2026-09-30 20:31:53 1621030:1621030 SyncActivityProfilerHandler.cpp:39] profiler_start
USDT:2026-09-30 20:31:54 1621030:1621030 SyncActivityProfilerHandler.cpp:46] profiler_stop
USDT:2026-09-30 20:31:54 1621030:1621030 SyncActivityProfilerHandler.cpp:39] profiler_start
USDT:2026-09-30 20:31:54 1621030:1621030 SyncActivityProfilerHandler.cpp:46] profiler_stop
USDT:2026-09-30 20:31:55 1621030:1621030 SyncActivityProfilerHandler.cpp:39] profiler_start
USDT:2026-09-30 20:31:55 1621030:1621030 SyncActivityProfilerHandler.cpp:46] profiler_stop
USDT:2026-09-30 20:31:56 1621030:1621030 SyncActivityProfilerHandler.cpp:39] profiler_start
USDT:2026-09-30 20:31:56 1621030:1621030 SyncActivityProfilerHandler.cpp:46] profiler_stop
USDT:2026-09-30 20:31:57 1621030:1621030 SyncActivityProfilerHandler.cpp:39] profiler_start
USDT:2026-09-30 20:31:57 1621030:1621030 SyncActivityProfilerHandler.cpp:46] profiler_stop
USDT:2026-09-30 20:31:57 1621030:1621030 SyncActivityProfilerHandler.cpp:39] profiler_start
USDT:2026-09-30 20:31:58 1621030:1621030 SyncActivityProfilerHandler.cpp:46] profiler_stop
USDT:2026-09-30 20:31:58 1621030:1621030 SyncActivityProfilerHandler.cpp:39] profiler_start
USDT:2026-09-30 20:31:59 1621030:1621030 SyncActivityProfilerHandler.cpp:46] profiler_stop
USDT:2026-09-30 20:31:59 1621030:1621030 SyncActivityProfilerHandler.cpp:39] profiler_start
USDT:2026-09-30 20:31:59 1621030:1621030 SyncActivityProfilerHandler.cpp:46] profiler_stop
USDT:2026-09-30 20:32:00 1621030:1621030 SyncActivityProfilerHandler.cpp:39] profiler_start
USDT:2026-09-30 20:32:00 1621030:1621030 SyncActivityProfilerHandler.cpp:46] profiler_stop
USDT:2026-09-30 20:32:01 1621030:1621030 SyncActivityProfilerHandler.cpp:39] profiler_start
USDT:2026-09-30 20:32:01 1621030:1621030 SyncActivityProfilerHandler.cpp:46] profiler_stop
USDT:2026-09-30 20:32:01 1621030:1621030 SyncActivityProfilerHandler.cpp:39] profiler_start
USDT:2026-09-30 20:32:02 1621030:1621030 SyncActivityProfilerHandler.cpp:46] profiler_stop
USDT:2026-09-30 20:32:02 1621030:1621030 SyncActivityProfilerHandler.cpp:39] profiler_start
USDT:2026-09-30 20:32:03 1621030:1621030 SyncActivityProfilerHandler.cpp:46] profiler_stop
USDT:2026-09-30 20:32:03 1621030:1621030 SyncActivityProfilerHandler.cpp:39] profiler_start
USDT:2026-09-30 20:32:03 1621030:1621030 SyncActivityProfilerHandler.cpp:46] profiler_stop
USDT:2026-09-30 20:32:04 1621030:1621030 SyncActivityProfilerHandler.cpp:39] profiler_start
USDT:2026-09-30 20:32:04 1621030:1621030 SyncActivityProfilerHandler.cpp:46] profiler_stop
USDT:2026-09-30 20:32:05 1621030:1621030 SyncActivityProfilerHandler.cpp:39] profiler_start
USDT:2026-09-30 20:32:05 1621030:1621030 SyncActivityProfilerHandler.cpp:46] profiler_stop
USDT:2026-09-30 20:32:05 1621030:1621030 SyncActivityProfilerHandler.cpp:39] profiler_start
USDT:2026-09-30 20:32:06 1621030:1621030 SyncActivityProfilerHandler.cpp:46] profiler_stop
USDT:2026-09-30 20:32:06 1621030:1621030 SyncActivityProfilerHandler.cpp:39] profiler_start
USDT:2026-09-30 20:32:07 1621030:1621030 SyncActivityProfilerHandler.cpp:46] profiler_stop
USDT:2026-09-30 20:32:07 1621030:1621030 SyncActivityProfilerHandler.cpp:39] profiler_start
USDT:2026-09-30 20:32:07 1621030:1621030 SyncActivityProfilerHandler.cpp:46] profiler_stop
USDT:2026-09-30 20:32:08 1621030:1621030 SyncActivityProfilerHandler.cpp:39] profiler_start
USDT:2026-09-30 20:32:08 1621030:1621030 SyncActivityProfilerHandler.cpp:46] profiler_stop
USDT:2026-09-30 20:32:09 1621030:1621030 SyncActivityProfilerHandler.cpp:39] profiler_start
USDT:2026-09-30 20:32:09 1621030:1621030 SyncActivityProfilerHandler.cpp:46] profiler_stop
USDT:2026-09-30 20:32:09 1621030:1621030 SyncActivityProfilerHandler.cpp:39] profiler_start
USDT:2026-09-30 20:32:10 1621030:1621030 SyncActivityProfilerHandler.cpp:46] profiler_stop
USDT:2026-09-30 20:32:10 1621030:1621030 SyncActivityProfilerHandler.cpp:39] profiler_start
USDT:2026-09-30 20:32:11 1621030:1621030 SyncActivityProfilerHandler.cpp:46] profiler_stop
USDT:2026-09-30 20:32:11 1621030:1621030 SyncActivityProfilerHandler.cpp:39] profiler_start
USDT:2026-09-30 20:32:12 1621030:1621030 SyncActivityProfilerHandler.cpp:46] profiler_stop
USDT:2026-09-30 20:32:12 1621030:1621030 SyncActivityProfilerHandler.cpp:39] profiler_start
USDT:2026-09-30 20:32:12 1621030:1621030 SyncActivityProfilerHandler.cpp:46] profiler_stop
USDT:2026-09-30 20:32:13 1621030:1621030 SyncActivityProfilerHandler.cpp:39] profiler_start
USDT:2026-09-30 20:32:13 1621030:1621030 SyncActivityProfilerHandler.cpp:46] profiler_stop
USDT:2026-09-30 20:32:14 1621030:1621030 SyncActivityProfilerHandler.cpp:39] profiler_start
USDT:2026-09-30 20:32:14 1621030:1621030 SyncActivityProfilerHandler.cpp:46] profiler_stop
USDT:2026-09-30 20:32:14 1621030:1621030 SyncActivityProfilerHandler.cpp:39] profiler_start
USDT:2026-09-30 20:32:15 1621030:1621030 SyncActivityProfilerHandler.cpp:46] profiler_stop
USDT:2026-09-30 20:32:15 1621030:1621030 SyncActivityProfilerHandler.cpp:39] profiler_start
USDT:2026-09-30 20:32:16 1621030:1621030 SyncActivityProfilerHandler.cpp:46] profiler_stop
USDT:2026-09-30 20:32:16 1621030:1621030 SyncActivityProfilerHandler.cpp:39] profiler_start
USDT:2026-09-30 20:32:16 1621030:1621030 SyncActivityProfilerHandler.cpp:46] profiler_stop
USDT:2026-09-30 20:32:17 1621030:1621030 SyncActivityProfilerHandler.cpp:39] profiler_start
USDT:2026-09-30 20:32:17 1621030:1621030 SyncActivityProfilerHandler.cpp:46] profiler_stop
USDT:2026-09-30 20:32:18 1621030:1621030 SyncActivityProfilerHandler.cpp:39] profiler_start
USDT:2026-09-30 20:32:18 1621030:1621030 SyncActivityProfilerHandler.cpp:46] profiler_stop
USDT:2026-09-30 20:32:18 1621030:1621030 SyncActivityProfilerHandler.cpp:39] profiler_start
USDT:2026-09-30 20:32:19 1621030:1621030 SyncActivityProfilerHandler.cpp:46] profiler_stop
USDT:2026-09-30 20:32:19 1621030:1621030 SyncActivityProfilerHandler.cpp:39] profiler_start
USDT:2026-09-30 20:32:20 1621030:1621030 SyncActivityProfilerHandler.cpp:46] profiler_stop
USDT:2026-09-30 20:32:20 1621030:1621030 SyncActivityProfilerHandler.cpp:39] profiler_start
USDT:2026-09-30 20:32:20 1621030:1621030 SyncActivityProfilerHandler.cpp:46] profiler_stop
USDT:2026-09-30 20:32:21 1621030:1621030 SyncActivityProfilerHandler.cpp:39] profiler_start
USDT:2026-09-30 20:32:21 1621030:1621030 SyncActivityProfilerHandler.cpp:46] profiler_stop
USDT:2026-09-30 20:32:22 1621030:1621030 SyncActivityProfilerHandler.cpp:39] profiler_start
USDT:2026-09-30 20:32:22 1621030:1621030 SyncActivityProfilerHandler.cpp:46] profiler_stop
USDT:2026-09-30 20:32:23 1621030:1621030 SyncActivityProfilerHandler.cpp:39] profiler_start
USDT:2026-09-30 20:32:23 1621030:1621030 SyncActivityProfilerHandler.cpp:46] profiler_stop
USDT:2026-09-30 20:32:23 1621030:1621030 SyncActivityProfilerHandler.cpp:39] profiler_start
USDT:2026-09-30 20:32:24 1621030:1621030 SyncActivityProfilerHandler.cpp:46] profiler_stop
USDT:2026-09-30 20:32:24 1621030:1621030 SyncActivityProfilerHandler.cpp:39] profiler_start
USDT:2026-09-30 20:32:25 1621030:1621030 SyncActivityProfilerHandler.cpp:46] profiler_stop
USDT:2026-09-30 20:32:25 1621030:1621030 SyncActivityProfilerHandler.cpp:39] profiler_start
USDT:2026-09-30 20:32:25 1621030:1621030 SyncActivityProfilerHandler.cpp:46] profiler_stop
USDT:2026-09-30 20:32:26 1621030:1621030 SyncActivityProfilerHandler.cpp:39] profiler_start
USDT:2026-09-30 20:32:26 1621030:1621030 SyncActivityProfilerHandler.cpp:46] profiler_stop
USDT:2026-09-30 20:32:27 1621030:1621030 SyncActivityProfilerHandler.cpp:39] profiler_start
USDT:2026-09-30 20:32:27 1621030:1621030 SyncActivityProfilerHandler.cpp:46] profiler_stop
USDT:2026-09-30 20:32:27 1621030:1621030 SyncActivityProfilerHandler.cpp:39] profiler_start
USDT:2026-09-30 20:32:28 1621030:1621030 SyncActivityProfilerHandler.cpp:46] profiler_stop
USDT:2026-09-30 20:32:28 1621030:1621030 SyncActivityProfilerHandler.cpp:39] profiler_start
USDT:2026-09-30 20:32:29 1621030:1621030 SyncActivityProfilerHandler.cpp:46] profiler_stop
USDT:2026-09-30 20:32:29 1621030:1621030 SyncActivityProfilerHandler.cpp:39] profiler_start
USDT:2026-09-30 20:32:29 1621030:1621030 SyncActivityProfilerHandler.cpp:46] profiler_stop
USDT:2026-09-30 20:32:30 1621030:1621030 SyncActivityProfilerHandler.cpp:39] profiler_start
USDT:2026-09-30 20:32:30 1621030:1621030 SyncActivityProfilerHandler.cpp:46] profiler_stop
USDT:2026-09-30 20:32:31 1621030:1621030 SyncActivityProfilerHandler.cpp:39] profiler_start
USDT:2026-09-30 20:32:31 1621030:1621030 SyncActivityProfilerHandler.cpp:46] profiler_stop
USDT:2026-09-30 20:32:31 1621030:1621030 SyncActivityProfilerHandler.cpp:39] profiler_start
USDT:2026-09-30 20:32:32 1621030:1621030 SyncActivityProfilerHandler.cpp:46] profiler_stop
USDT:2026-09-30 20:32:32 1621030:1621030 SyncActivityProfilerHandler.cpp:39] profiler_start
USDT:2026-09-30 20:32:33 1621030:1621030 SyncActivityProfilerHandler.cpp:46] profiler_stop
USDT:2026-09-30 20:32:33 1621030:1621030 SyncActivityProfilerHandler.cpp:39] profiler_start
USDT:2026-09-30 20:32:33 1621030:1621030 SyncActivityProfilerHandler.cpp:46] profiler_stop
USDT:2026-09-30 20:32:34 1621030:1621030 SyncActivityProfilerHandler.cpp:39] profiler_start
USDT:2026-09-30 20:32:34 1621030:1621030 SyncActivityProfilerHandler.cpp:46] profiler_stop
USDT:2026-09-30 20:32:35 1621030:1621030 SyncActivityProfilerHandler.cpp:39] profiler_start
USDT:2026-09-30 20:32:35 1621030:1621030 SyncActivityProfilerHandler.cpp:46] profiler_stop
USDT:2026-09-30 20:32:36 1621030:1621030 SyncActivityProfilerHandler.cpp:39] profiler_start
USDT:2026-09-30 20:32:36 1621030:1621030 SyncActivityProfilerHandler.cpp:46] profiler_stop
USDT:2026-09-30 20:32:36 1621030:1621030 SyncActivityProfilerHandler.cpp:39] profiler_start
USDT:2026-09-30 20:32:37 1621030:1621030 SyncActivityProfilerHandler.cpp:46] profiler_stop
USDT:2026-09-30 20:32:37 1621030:1621030 SyncActivityProfilerHandler.cpp:39] profiler_start
USDT:2026-09-30 20:32:38 1621030:1621030 SyncActivityProfilerHandler.cpp:46] profiler_stop
USDT:2026-09-30 20:32:38 1621030:1621030 SyncActivityProfilerHandler.cpp:39] profiler_start
USDT:2026-09-30 20:32:38 1621030:1621030 SyncActivityProfilerHandler.cpp:46] profiler_stop
USDT:2026-09-30 20:32:39 1621030:1621030 SyncActivityProfilerHandler.cpp:39] profiler_start
USDT:2026-09-30 20:32:39 1621030:1621030 SyncActivityProfilerHandler.cpp:46] profiler_stop
USDT:2026-09-30 20:32:40 1621030:1621030 SyncActivityProfilerHandler.cpp:39] profiler_start
USDT:2026-09-30 20:32:40 1621030:1621030 SyncActivityProfilerHandler.cpp:46] profiler_stop
USDT:2026-09-30 20:32:40 1621030:1621030 SyncActivityProfilerHandler.cpp:39] profiler_start
USDT:2026-09-30 20:32:41 1621030:1621030 SyncActivityProfilerHandler.cpp:46] profiler_stop
USDT:2026-09-30 20:32:41 1621030:1621030 SyncActivityProfilerHandler.cpp:39] profiler_start
USDT:2026-09-30 20:32:42 1621030:1621030 SyncActivityProfilerHandler.cpp:46] profiler_stop
USDT:2026-09-30 20:32:42 1621030:1621030 SyncActivityProfilerHandler.cpp:39] profiler_start
USDT:2026-09-30 20:32:42 1621030:1621030 SyncActivityProfilerHandler.cpp:46] profiler_stop
USDT:2026-09-30 20:32:43 1621030:1621030 SyncActivityProfilerHandler.cpp:39] profiler_start
USDT:2026-09-30 20:32:43 1621030:1621030 SyncActivityProfilerHandler.cpp:46] profiler_stop
USDT:2026-09-30 20:32:44 1621030:1621030 SyncActivityProfilerHandler.cpp:39] profiler_start
USDT:2026-09-30 20:32:44 1621030:1621030 SyncActivityProfilerHandler.cpp:46] profiler_stop
USDT:2026-09-30 20:32:45 1621030:1621030 SyncActivityProfilerHandler.cpp:39] profiler_start
USDT:2026-09-30 20:32:45 1621030:1621030 SyncActivityProfilerHandler.cpp:46] profiler_stop
USDT:2026-09-30 20:32:45 1621030:1621030 SyncActivityProfilerHandler.cpp:39] profiler_start
USDT:2026-09-30 20:32:46 1621030:1621030 SyncActivityProfilerHandler.cpp:46] profiler_stop
USDT:2026-09-30 20:32:46 1621030:1621030 SyncActivityProfilerHandler.cpp:39] profiler_start
USDT:2026-09-30 20:32:47 1621030:1621030 SyncActivityProfilerHandler.cpp:46] profiler_stop
USDT:2026-09-30 20:32:47 1621030:1621030 SyncActivityProfilerHandler.cpp:39] profiler_start
USDT:2026-09-30 20:32:47 1621030:1621030 SyncActivityProfilerHandler.cpp:46] profiler_stop
USDT:2026-09-30 20:32:48 1621030:1621030 SyncActivityProfilerHandler.cpp:39] profiler_start
USDT:2026-09-30 20:32:48 1621030:1621030 SyncActivityProfilerHandler.cpp:46] profiler_stop
USDT:2026-09-30 20:32:49 1621030:1621030 SyncActivityProfilerHandler.cpp:39] profiler_start
USDT:2026-09-30 20:32:49 1621030:1621030 SyncActivityProfilerHandler.cpp:46] profiler_stop

=== PROFILER SUMMARY ===
-------------------------------------------------------  ------------  ------------  ------------  ------------  ------------  ------------  ------------  ------------  ------------  ------------  ------------  ------------  ------------  ------------  
                                                   Name    Self CPU %      Self CPU   CPU total %     CPU total  CPU time avg     Self CUDA   Self CUDA %    CUDA total  CUDA time avg       CPU Mem  Self CPU Mem      CUDA Mem  Self CUDA Mem    # of Calls  
-------------------------------------------------------  ------------  ------------  ------------  ------------  ------------  ------------  ------------  ------------  ------------  ------------  ------------  ------------  ------------  ------------  
                                          ProfilerStep*        27.07%     107.159ms        72.43%     286.732ms      95.577ms       0.000us         0.00%     100.340ms      33.447ms           0 B        -576 B           0 B     -18.78 GB             3  
                                          ProfilerStep*         0.00%       0.000us         0.00%       0.000us       0.000us      83.427ms        26.53%      83.427ms      27.809ms           0 B           0 B           0 B           0 B             3  
                                           aten::linear         0.71%       2.798ms         9.56%      37.867ms      86.454us       0.000us         0.00%      73.497ms     167.801us           0 B           0 B      14.55 GB           0 B           438  
    autograd::engine::evaluate_function: AddmmBackward0         0.79%       3.122ms         6.27%      24.821ms     113.340us       0.000us         0.00%      70.929ms     323.875us           0 B           0 B      -5.16 GB     -11.38 GB           219  
                                         AddmmBackward0         0.45%       1.788ms         3.91%      15.482ms      70.696us       0.000us         0.00%      60.750ms     277.399us           0 B           0 B       6.22 GB           0 B           219  
                                               aten::mm         1.84%       7.292ms         2.76%      10.933ms      24.961us      60.750ms        19.32%      60.750ms     138.699us           0 B           0 B       6.22 GB       6.22 GB           438  
fmha_cutlassB_bf16_aligned_64x64_k64_dropout_sm80(Py...         0.00%       0.000us         0.00%       0.000us       0.000us      54.947ms        17.48%      54.947ms       1.221ms           0 B           0 B           0 B           0 B            45  
autograd::engine::evaluate_function: ScaledDotProduc...         0.16%     619.915us         1.15%       4.543ms     126.203us       0.000us         0.00%      44.917ms       1.248ms        -576 B        -576 B      -1.60 GB      -3.50 GB            36  
            ScaledDotProductEfficientAttentionBackward0         0.06%     224.796us         0.99%       3.923ms     108.983us       0.000us         0.00%      44.917ms       1.248ms           0 B           0 B       1.90 GB           0 B            36  
aten::_scaled_dot_product_efficient_attention_backwa...         0.14%     541.942us         0.93%       3.699ms     102.739us       0.000us         0.00%      44.917ms       1.248ms           0 B           0 B       1.90 GB           0 B            36  
-------------------------------------------------------  ------------  ------------  ------------  ------------  ------------  ------------  ------------  ------------  ------------  ------------  ------------  ------------  ------------  ------------  
Self CPU time total: 395.892ms
Self CUDA time total: 314.434ms


Resultados tras 500 pasos (descartando 10 de warmup):
 training time medido      : 83.56 s (1.39 min)
 samples / s               : 191.48
 peak GPU memory           : 6326.34 MB
 achieved TFLOP/s          : 41.1146
 MFU % (Hardware real)     : 13.18% (Techo: 312.0 TFLOP/s)
 MFU % (vs Tensor Cores)   : 13.18% (Techo: 312.0 TFLOP/s)
 final loss                : 0.916244

[5/5] RUNNING COMPILED MODEL...
Loading weights:   0%|          | 0/197 [00:00<?, ?it/s]Loading weights: 100%|██████████| 197/197 [00:00<00:00, 8794.12it/s]
[transformers] [1mBertForQuestionAnswering LOAD REPORT[0m from: bert-base-uncased
Key                                        | Status     | 
-------------------------------------------+------------+-
cls.predictions.bias                       | UNEXPECTED | 
bert.pooler.dense.weight                   | UNEXPECTED | 
cls.predictions.transform.dense.weight     | UNEXPECTED | 
bert.pooler.dense.bias                     | UNEXPECTED | 
cls.predictions.transform.LayerNorm.weight | UNEXPECTED | 
cls.seq_relationship.bias                  | UNEXPECTED | 
cls.seq_relationship.weight                | UNEXPECTED | 
cls.predictions.transform.LayerNorm.bias   | UNEXPECTED | 
cls.predictions.transform.dense.bias       | UNEXPECTED | 
qa_outputs.weight                          | MISSING    | 
qa_outputs.bias                            | MISSING    | 

Notes:
- UNEXPECTED:	can be ignored when loading from different task/architecture; not ok if you expect identical arch.
- MISSING:	those params were newly initialized because missing from the checkpoint. Consider training on your downstream task.
Warning: You are sending unauthenticated requests to the HF Hub. Please set a HF_TOKEN to enable higher rate limits and faster downloads.

============================================================
 CÓMPUTO CALCULADO AUTOMÁTICAMENTE (POR SECUENCIA)
 MACs Forward (1 seq)       : 35,333,406,720
 FLOPs Forward (1 seq)      : 70,666,813,440
 FLOPs Train (Fwd + Bwd)    : 214,718,349,312
 Constante por secuencia    : 2.14718349e-01 TFLOPs
============================================================

--- BS=32 | Workers=16 | PinMem=True | AMP=True | Compile=True | Profile=True ---
USDT:2026-09-30 20:34:05 1621188:1621188 SyncActivityProfilerHandler.cpp:39] profiler_start
USDT:2026-09-30 20:34:06 1621188:1621188 SyncActivityProfilerHandler.cpp:46] profiler_stop
/mnt/netapp2/Store_uni/home/ulc/ii/lra/Entregable1_Bloque2_HPCTools/BASELINE/entornoTarea1/lib/python3.10/site-packages/torch/profiler/profiler.py:334: UserWarning: Warning: Profiler clears events at the end of each cycle. Only events from the current cycle will be reported. To keep events across cycles, set acc_events=True.
  _warn_once(
USDT:2026-09-30 20:34:06 1621188:1621188 SyncActivityProfilerHandler.cpp:39] profiler_start
USDT:2026-09-30 20:34:06 1621188:1621188 SyncActivityProfilerHandler.cpp:46] profiler_stop
USDT:2026-09-30 20:34:06 1621188:1621188 SyncActivityProfilerHandler.cpp:39] profiler_start
USDT:2026-09-30 20:34:07 1621188:1621188 SyncActivityProfilerHandler.cpp:46] profiler_stop
USDT:2026-09-30 20:34:07 1621188:1621188 SyncActivityProfilerHandler.cpp:39] profiler_start
USDT:2026-09-30 20:34:07 1621188:1621188 SyncActivityProfilerHandler.cpp:46] profiler_stop
USDT:2026-09-30 20:34:07 1621188:1621188 SyncActivityProfilerHandler.cpp:39] profiler_start
USDT:2026-09-30 20:34:08 1621188:1621188 SyncActivityProfilerHandler.cpp:46] profiler_stop
USDT:2026-09-30 20:34:08 1621188:1621188 SyncActivityProfilerHandler.cpp:39] profiler_start
USDT:2026-09-30 20:34:08 1621188:1621188 SyncActivityProfilerHandler.cpp:46] profiler_stop
USDT:2026-09-30 20:34:09 1621188:1621188 SyncActivityProfilerHandler.cpp:39] profiler_start
USDT:2026-09-30 20:34:09 1621188:1621188 SyncActivityProfilerHandler.cpp:46] profiler_stop
USDT:2026-09-30 20:34:09 1621188:1621188 SyncActivityProfilerHandler.cpp:39] profiler_start
USDT:2026-09-30 20:34:09 1621188:1621188 SyncActivityProfilerHandler.cpp:46] profiler_stop
USDT:2026-09-30 20:34:10 1621188:1621188 SyncActivityProfilerHandler.cpp:39] profiler_start
USDT:2026-09-30 20:34:10 1621188:1621188 SyncActivityProfilerHandler.cpp:46] profiler_stop
USDT:2026-09-30 20:34:10 1621188:1621188 SyncActivityProfilerHandler.cpp:39] profiler_start
USDT:2026-09-30 20:34:10 1621188:1621188 SyncActivityProfilerHandler.cpp:46] profiler_stop
USDT:2026-09-30 20:34:11 1621188:1621188 SyncActivityProfilerHandler.cpp:39] profiler_start
USDT:2026-09-30 20:34:11 1621188:1621188 SyncActivityProfilerHandler.cpp:46] profiler_stop
USDT:2026-09-30 20:34:11 1621188:1621188 SyncActivityProfilerHandler.cpp:39] profiler_start
USDT:2026-09-30 20:34:11 1621188:1621188 SyncActivityProfilerHandler.cpp:46] profiler_stop
USDT:2026-09-30 20:34:12 1621188:1621188 SyncActivityProfilerHandler.cpp:39] profiler_start
USDT:2026-09-30 20:34:12 1621188:1621188 SyncActivityProfilerHandler.cpp:46] profiler_stop
USDT:2026-09-30 20:34:12 1621188:1621188 SyncActivityProfilerHandler.cpp:39] profiler_start
USDT:2026-09-30 20:34:13 1621188:1621188 SyncActivityProfilerHandler.cpp:46] profiler_stop
USDT:2026-09-30 20:34:13 1621188:1621188 SyncActivityProfilerHandler.cpp:39] profiler_start
USDT:2026-09-30 20:34:13 1621188:1621188 SyncActivityProfilerHandler.cpp:46] profiler_stop
USDT:2026-09-30 20:34:13 1621188:1621188 SyncActivityProfilerHandler.cpp:39] profiler_start
USDT:2026-09-30 20:34:14 1621188:1621188 SyncActivityProfilerHandler.cpp:46] profiler_stop
USDT:2026-09-30 20:34:14 1621188:1621188 SyncActivityProfilerHandler.cpp:39] profiler_start
USDT:2026-09-30 20:34:14 1621188:1621188 SyncActivityProfilerHandler.cpp:46] profiler_stop
USDT:2026-09-30 20:34:14 1621188:1621188 SyncActivityProfilerHandler.cpp:39] profiler_start
USDT:2026-09-30 20:34:15 1621188:1621188 SyncActivityProfilerHandler.cpp:46] profiler_stop
USDT:2026-09-30 20:34:15 1621188:1621188 SyncActivityProfilerHandler.cpp:39] profiler_start
USDT:2026-09-30 20:34:15 1621188:1621188 SyncActivityProfilerHandler.cpp:46] profiler_stop
USDT:2026-09-30 20:34:15 1621188:1621188 SyncActivityProfilerHandler.cpp:39] profiler_start
USDT:2026-09-30 20:34:16 1621188:1621188 SyncActivityProfilerHandler.cpp:46] profiler_stop
USDT:2026-09-30 20:34:16 1621188:1621188 SyncActivityProfilerHandler.cpp:39] profiler_start
USDT:2026-09-30 20:34:16 1621188:1621188 SyncActivityProfilerHandler.cpp:46] profiler_stop
USDT:2026-09-30 20:34:16 1621188:1621188 SyncActivityProfilerHandler.cpp:39] profiler_start
USDT:2026-09-30 20:34:17 1621188:1621188 SyncActivityProfilerHandler.cpp:46] profiler_stop
USDT:2026-09-30 20:34:17 1621188:1621188 SyncActivityProfilerHandler.cpp:39] profiler_start
USDT:2026-09-30 20:34:17 1621188:1621188 SyncActivityProfilerHandler.cpp:46] profiler_stop
USDT:2026-09-30 20:34:18 1621188:1621188 SyncActivityProfilerHandler.cpp:39] profiler_start
USDT:2026-09-30 20:34:18 1621188:1621188 SyncActivityProfilerHandler.cpp:46] profiler_stop
USDT:2026-09-30 20:34:18 1621188:1621188 SyncActivityProfilerHandler.cpp:39] profiler_start
USDT:2026-09-30 20:34:18 1621188:1621188 SyncActivityProfilerHandler.cpp:46] profiler_stop
USDT:2026-09-30 20:34:19 1621188:1621188 SyncActivityProfilerHandler.cpp:39] profiler_start
USDT:2026-09-30 20:34:19 1621188:1621188 SyncActivityProfilerHandler.cpp:46] profiler_stop
USDT:2026-09-30 20:34:19 1621188:1621188 SyncActivityProfilerHandler.cpp:39] profiler_start
USDT:2026-09-30 20:34:19 1621188:1621188 SyncActivityProfilerHandler.cpp:46] profiler_stop
USDT:2026-09-30 20:34:20 1621188:1621188 SyncActivityProfilerHandler.cpp:39] profiler_start
USDT:2026-09-30 20:34:20 1621188:1621188 SyncActivityProfilerHandler.cpp:46] profiler_stop
USDT:2026-09-30 20:34:20 1621188:1621188 SyncActivityProfilerHandler.cpp:39] profiler_start
USDT:2026-09-30 20:34:21 1621188:1621188 SyncActivityProfilerHandler.cpp:46] profiler_stop
USDT:2026-09-30 20:34:21 1621188:1621188 SyncActivityProfilerHandler.cpp:39] profiler_start
USDT:2026-09-30 20:34:21 1621188:1621188 SyncActivityProfilerHandler.cpp:46] profiler_stop
USDT:2026-09-30 20:34:21 1621188:1621188 SyncActivityProfilerHandler.cpp:39] profiler_start
USDT:2026-09-30 20:34:22 1621188:1621188 SyncActivityProfilerHandler.cpp:46] profiler_stop
USDT:2026-09-30 20:34:22 1621188:1621188 SyncActivityProfilerHandler.cpp:39] profiler_start
USDT:2026-09-30 20:34:22 1621188:1621188 SyncActivityProfilerHandler.cpp:46] profiler_stop
USDT:2026-09-30 20:34:22 1621188:1621188 SyncActivityProfilerHandler.cpp:39] profiler_start
USDT:2026-09-30 20:34:23 1621188:1621188 SyncActivityProfilerHandler.cpp:46] profiler_stop
USDT:2026-09-30 20:34:23 1621188:1621188 SyncActivityProfilerHandler.cpp:39] profiler_start
USDT:2026-09-30 20:34:23 1621188:1621188 SyncActivityProfilerHandler.cpp:46] profiler_stop
USDT:2026-09-30 20:34:23 1621188:1621188 SyncActivityProfilerHandler.cpp:39] profiler_start
USDT:2026-09-30 20:34:24 1621188:1621188 SyncActivityProfilerHandler.cpp:46] profiler_stop
USDT:2026-09-30 20:34:24 1621188:1621188 SyncActivityProfilerHandler.cpp:39] profiler_start
USDT:2026-09-30 20:34:24 1621188:1621188 SyncActivityProfilerHandler.cpp:46] profiler_stop
USDT:2026-09-30 20:34:24 1621188:1621188 SyncActivityProfilerHandler.cpp:39] profiler_start
USDT:2026-09-30 20:34:25 1621188:1621188 SyncActivityProfilerHandler.cpp:46] profiler_stop
USDT:2026-09-30 20:34:25 1621188:1621188 SyncActivityProfilerHandler.cpp:39] profiler_start
USDT:2026-09-30 20:34:25 1621188:1621188 SyncActivityProfilerHandler.cpp:46] profiler_stop
USDT:2026-09-30 20:34:25 1621188:1621188 SyncActivityProfilerHandler.cpp:39] profiler_start
USDT:2026-09-30 20:34:26 1621188:1621188 SyncActivityProfilerHandler.cpp:46] profiler_stop
USDT:2026-09-30 20:34:26 1621188:1621188 SyncActivityProfilerHandler.cpp:39] profiler_start
USDT:2026-09-30 20:34:26 1621188:1621188 SyncActivityProfilerHandler.cpp:46] profiler_stop
USDT:2026-09-30 20:34:27 1621188:1621188 SyncActivityProfilerHandler.cpp:39] profiler_start
USDT:2026-09-30 20:34:27 1621188:1621188 SyncActivityProfilerHandler.cpp:46] profiler_stop
USDT:2026-09-30 20:34:27 1621188:1621188 SyncActivityProfilerHandler.cpp:39] profiler_start
USDT:2026-09-30 20:34:27 1621188:1621188 SyncActivityProfilerHandler.cpp:46] profiler_stop
USDT:2026-09-30 20:34:28 1621188:1621188 SyncActivityProfilerHandler.cpp:39] profiler_start
USDT:2026-09-30 20:34:28 1621188:1621188 SyncActivityProfilerHandler.cpp:46] profiler_stop
USDT:2026-09-30 20:34:28 1621188:1621188 SyncActivityProfilerHandler.cpp:39] profiler_start
USDT:2026-09-30 20:34:28 1621188:1621188 SyncActivityProfilerHandler.cpp:46] profiler_stop
USDT:2026-09-30 20:34:29 1621188:1621188 SyncActivityProfilerHandler.cpp:39] profiler_start
USDT:2026-09-30 20:34:29 1621188:1621188 SyncActivityProfilerHandler.cpp:46] profiler_stop
USDT:2026-09-30 20:34:29 1621188:1621188 SyncActivityProfilerHandler.cpp:39] profiler_start
USDT:2026-09-30 20:34:29 1621188:1621188 SyncActivityProfilerHandler.cpp:46] profiler_stop
USDT:2026-09-30 20:34:30 1621188:1621188 SyncActivityProfilerHandler.cpp:39] profiler_start
USDT:2026-09-30 20:34:30 1621188:1621188 SyncActivityProfilerHandler.cpp:46] profiler_stop
USDT:2026-09-30 20:34:30 1621188:1621188 SyncActivityProfilerHandler.cpp:39] profiler_start
USDT:2026-09-30 20:34:31 1621188:1621188 SyncActivityProfilerHandler.cpp:46] profiler_stop
USDT:2026-09-30 20:34:31 1621188:1621188 SyncActivityProfilerHandler.cpp:39] profiler_start
USDT:2026-09-30 20:34:31 1621188:1621188 SyncActivityProfilerHandler.cpp:46] profiler_stop
USDT:2026-09-30 20:34:31 1621188:1621188 SyncActivityProfilerHandler.cpp:39] profiler_start
USDT:2026-09-30 20:34:32 1621188:1621188 SyncActivityProfilerHandler.cpp:46] profiler_stop
USDT:2026-09-30 20:34:32 1621188:1621188 SyncActivityProfilerHandler.cpp:39] profiler_start
USDT:2026-09-30 20:34:32 1621188:1621188 SyncActivityProfilerHandler.cpp:46] profiler_stop
USDT:2026-09-30 20:34:32 1621188:1621188 SyncActivityProfilerHandler.cpp:39] profiler_start
USDT:2026-09-30 20:34:33 1621188:1621188 SyncActivityProfilerHandler.cpp:46] profiler_stop
USDT:2026-09-30 20:34:33 1621188:1621188 SyncActivityProfilerHandler.cpp:39] profiler_start
USDT:2026-09-30 20:34:33 1621188:1621188 SyncActivityProfilerHandler.cpp:46] profiler_stop
USDT:2026-09-30 20:34:33 1621188:1621188 SyncActivityProfilerHandler.cpp:39] profiler_start
USDT:2026-09-30 20:34:34 1621188:1621188 SyncActivityProfilerHandler.cpp:46] profiler_stop
USDT:2026-09-30 20:34:34 1621188:1621188 SyncActivityProfilerHandler.cpp:39] profiler_start
USDT:2026-09-30 20:34:34 1621188:1621188 SyncActivityProfilerHandler.cpp:46] profiler_stop
USDT:2026-09-30 20:34:34 1621188:1621188 SyncActivityProfilerHandler.cpp:39] profiler_start
USDT:2026-09-30 20:34:35 1621188:1621188 SyncActivityProfilerHandler.cpp:46] profiler_stop
USDT:2026-09-30 20:34:35 1621188:1621188 SyncActivityProfilerHandler.cpp:39] profiler_start
USDT:2026-09-30 20:34:35 1621188:1621188 SyncActivityProfilerHandler.cpp:46] profiler_stop
USDT:2026-09-30 20:34:36 1621188:1621188 SyncActivityProfilerHandler.cpp:39] profiler_start
USDT:2026-09-30 20:34:36 1621188:1621188 SyncActivityProfilerHandler.cpp:46] profiler_stop
USDT:2026-09-30 20:34:36 1621188:1621188 SyncActivityProfilerHandler.cpp:39] profiler_start
USDT:2026-09-30 20:34:36 1621188:1621188 SyncActivityProfilerHandler.cpp:46] profiler_stop
USDT:2026-09-30 20:34:37 1621188:1621188 SyncActivityProfilerHandler.cpp:39] profiler_start
USDT:2026-09-30 20:34:37 1621188:1621188 SyncActivityProfilerHandler.cpp:46] profiler_stop
USDT:2026-09-30 20:34:37 1621188:1621188 SyncActivityProfilerHandler.cpp:39] profiler_start
USDT:2026-09-30 20:34:37 1621188:1621188 SyncActivityProfilerHandler.cpp:46] profiler_stop
USDT:2026-09-30 20:34:38 1621188:1621188 SyncActivityProfilerHandler.cpp:39] profiler_start
USDT:2026-09-30 20:34:38 1621188:1621188 SyncActivityProfilerHandler.cpp:46] profiler_stop
USDT:2026-09-30 20:34:38 1621188:1621188 SyncActivityProfilerHandler.cpp:39] profiler_start
USDT:2026-09-30 20:34:39 1621188:1621188 SyncActivityProfilerHandler.cpp:46] profiler_stop
USDT:2026-09-30 20:34:39 1621188:1621188 SyncActivityProfilerHandler.cpp:39] profiler_start
USDT:2026-09-30 20:34:39 1621188:1621188 SyncActivityProfilerHandler.cpp:46] profiler_stop
USDT:2026-09-30 20:34:39 1621188:1621188 SyncActivityProfilerHandler.cpp:39] profiler_start
USDT:2026-09-30 20:34:40 1621188:1621188 SyncActivityProfilerHandler.cpp:46] profiler_stop
USDT:2026-09-30 20:34:40 1621188:1621188 SyncActivityProfilerHandler.cpp:39] profiler_start
USDT:2026-09-30 20:34:40 1621188:1621188 SyncActivityProfilerHandler.cpp:46] profiler_stop
USDT:2026-09-30 20:34:40 1621188:1621188 SyncActivityProfilerHandler.cpp:39] profiler_start
USDT:2026-09-30 20:34:41 1621188:1621188 SyncActivityProfilerHandler.cpp:46] profiler_stop
USDT:2026-09-30 20:34:41 1621188:1621188 SyncActivityProfilerHandler.cpp:39] profiler_start
USDT:2026-09-30 20:34:41 1621188:1621188 SyncActivityProfilerHandler.cpp:46] profiler_stop
USDT:2026-09-30 20:34:41 1621188:1621188 SyncActivityProfilerHandler.cpp:39] profiler_start
USDT:2026-09-30 20:34:42 1621188:1621188 SyncActivityProfilerHandler.cpp:46] profiler_stop
USDT:2026-09-30 20:34:42 1621188:1621188 SyncActivityProfilerHandler.cpp:39] profiler_start
USDT:2026-09-30 20:34:42 1621188:1621188 SyncActivityProfilerHandler.cpp:46] profiler_stop
USDT:2026-09-30 20:34:42 1621188:1621188 SyncActivityProfilerHandler.cpp:39] profiler_start
USDT:2026-09-30 20:34:43 1621188:1621188 SyncActivityProfilerHandler.cpp:46] profiler_stop
USDT:2026-09-30 20:34:43 1621188:1621188 SyncActivityProfilerHandler.cpp:39] profiler_start
USDT:2026-09-30 20:34:43 1621188:1621188 SyncActivityProfilerHandler.cpp:46] profiler_stop
USDT:2026-09-30 20:34:44 1621188:1621188 SyncActivityProfilerHandler.cpp:39] profiler_start
USDT:2026-09-30 20:34:44 1621188:1621188 SyncActivityProfilerHandler.cpp:46] profiler_stop
USDT:2026-09-30 20:34:44 1621188:1621188 SyncActivityProfilerHandler.cpp:39] profiler_start
USDT:2026-09-30 20:34:44 1621188:1621188 SyncActivityProfilerHandler.cpp:46] profiler_stop
USDT:2026-09-30 20:34:45 1621188:1621188 SyncActivityProfilerHandler.cpp:39] profiler_start
USDT:2026-09-30 20:34:45 1621188:1621188 SyncActivityProfilerHandler.cpp:46] profiler_stop
USDT:2026-09-30 20:34:45 1621188:1621188 SyncActivityProfilerHandler.cpp:39] profiler_start
USDT:2026-09-30 20:34:45 1621188:1621188 SyncActivityProfilerHandler.cpp:46] profiler_stop
USDT:2026-09-30 20:34:46 1621188:1621188 SyncActivityProfilerHandler.cpp:39] profiler_start
USDT:2026-09-30 20:34:46 1621188:1621188 SyncActivityProfilerHandler.cpp:46] profiler_stop
USDT:2026-09-30 20:34:46 1621188:1621188 SyncActivityProfilerHandler.cpp:39] profiler_start
USDT:2026-09-30 20:34:47 1621188:1621188 SyncActivityProfilerHandler.cpp:46] profiler_stop
USDT:2026-09-30 20:34:47 1621188:1621188 SyncActivityProfilerHandler.cpp:39] profiler_start
USDT:2026-09-30 20:34:47 1621188:1621188 SyncActivityProfilerHandler.cpp:46] profiler_stop
USDT:2026-09-30 20:34:47 1621188:1621188 SyncActivityProfilerHandler.cpp:39] profiler_start
USDT:2026-09-30 20:34:48 1621188:1621188 SyncActivityProfilerHandler.cpp:46] profiler_stop
USDT:2026-09-30 20:34:48 1621188:1621188 SyncActivityProfilerHandler.cpp:39] profiler_start
USDT:2026-09-30 20:34:48 1621188:1621188 SyncActivityProfilerHandler.cpp:46] profiler_stop
USDT:2026-09-30 20:34:48 1621188:1621188 SyncActivityProfilerHandler.cpp:39] profiler_start
USDT:2026-09-30 20:34:49 1621188:1621188 SyncActivityProfilerHandler.cpp:46] profiler_stop
USDT:2026-09-30 20:34:49 1621188:1621188 SyncActivityProfilerHandler.cpp:39] profiler_start
USDT:2026-09-30 20:34:49 1621188:1621188 SyncActivityProfilerHandler.cpp:46] profiler_stop
USDT:2026-09-30 20:34:49 1621188:1621188 SyncActivityProfilerHandler.cpp:39] profiler_start
USDT:2026-09-30 20:34:50 1621188:1621188 SyncActivityProfilerHandler.cpp:46] profiler_stop
USDT:2026-09-30 20:34:50 1621188:1621188 SyncActivityProfilerHandler.cpp:39] profiler_start
USDT:2026-09-30 20:34:50 1621188:1621188 SyncActivityProfilerHandler.cpp:46] profiler_stop
USDT:2026-09-30 20:34:50 1621188:1621188 SyncActivityProfilerHandler.cpp:39] profiler_start
USDT:2026-09-30 20:34:51 1621188:1621188 SyncActivityProfilerHandler.cpp:46] profiler_stop
USDT:2026-09-30 20:34:51 1621188:1621188 SyncActivityProfilerHandler.cpp:39] profiler_start
USDT:2026-09-30 20:34:51 1621188:1621188 SyncActivityProfilerHandler.cpp:46] profiler_stop
USDT:2026-09-30 20:34:52 1621188:1621188 SyncActivityProfilerHandler.cpp:39] profiler_start
USDT:2026-09-30 20:34:52 1621188:1621188 SyncActivityProfilerHandler.cpp:46] profiler_stop
USDT:2026-09-30 20:34:52 1621188:1621188 SyncActivityProfilerHandler.cpp:39] profiler_start
USDT:2026-09-30 20:34:52 1621188:1621188 SyncActivityProfilerHandler.cpp:46] profiler_stop
USDT:2026-09-30 20:34:53 1621188:1621188 SyncActivityProfilerHandler.cpp:39] profiler_start
USDT:2026-09-30 20:34:53 1621188:1621188 SyncActivityProfilerHandler.cpp:46] profiler_stop
USDT:2026-09-30 20:34:53 1621188:1621188 SyncActivityProfilerHandler.cpp:39] profiler_start
USDT:2026-09-30 20:34:53 1621188:1621188 SyncActivityProfilerHandler.cpp:46] profiler_stop
USDT:2026-09-30 20:34:54 1621188:1621188 SyncActivityProfilerHandler.cpp:39] profiler_start
USDT:2026-09-30 20:34:54 1621188:1621188 SyncActivityProfilerHandler.cpp:46] profiler_stop
USDT:2026-09-30 20:34:54 1621188:1621188 SyncActivityProfilerHandler.cpp:39] profiler_start
USDT:2026-09-30 20:34:55 1621188:1621188 SyncActivityProfilerHandler.cpp:46] profiler_stop
USDT:2026-09-30 20:34:55 1621188:1621188 SyncActivityProfilerHandler.cpp:39] profiler_start
USDT:2026-09-30 20:34:55 1621188:1621188 SyncActivityProfilerHandler.cpp:46] profiler_stop
USDT:2026-09-30 20:34:55 1621188:1621188 SyncActivityProfilerHandler.cpp:39] profiler_start
USDT:2026-09-30 20:34:56 1621188:1621188 SyncActivityProfilerHandler.cpp:46] profiler_stop
USDT:2026-09-30 20:34:56 1621188:1621188 SyncActivityProfilerHandler.cpp:39] profiler_start
USDT:2026-09-30 20:34:56 1621188:1621188 SyncActivityProfilerHandler.cpp:46] profiler_stop
USDT:2026-09-30 20:34:56 1621188:1621188 SyncActivityProfilerHandler.cpp:39] profiler_start
USDT:2026-09-30 20:34:57 1621188:1621188 SyncActivityProfilerHandler.cpp:46] profiler_stop
USDT:2026-09-30 20:34:57 1621188:1621188 SyncActivityProfilerHandler.cpp:39] profiler_start
USDT:2026-09-30 20:34:57 1621188:1621188 SyncActivityProfilerHandler.cpp:46] profiler_stop
USDT:2026-09-30 20:34:58 1621188:1621188 SyncActivityProfilerHandler.cpp:39] profiler_start
USDT:2026-09-30 20:34:58 1621188:1621188 SyncActivityProfilerHandler.cpp:46] profiler_stop
USDT:2026-09-30 20:34:58 1621188:1621188 SyncActivityProfilerHandler.cpp:39] profiler_start
USDT:2026-09-30 20:34:58 1621188:1621188 SyncActivityProfilerHandler.cpp:46] profiler_stop
USDT:2026-09-30 20:34:59 1621188:1621188 SyncActivityProfilerHandler.cpp:39] profiler_start
USDT:2026-09-30 20:34:59 1621188:1621188 SyncActivityProfilerHandler.cpp:46] profiler_stop
USDT:2026-09-30 20:34:59 1621188:1621188 SyncActivityProfilerHandler.cpp:39] profiler_start
USDT:2026-09-30 20:34:59 1621188:1621188 SyncActivityProfilerHandler.cpp:46] profiler_stop

=== PROFILER SUMMARY ===
-------------------------------------------------------  ------------  ------------  ------------  ------------  ------------  ------------  ------------  ------------  ------------  ------------  ------------  ------------  ------------  ------------  
                                                   Name    Self CPU %      Self CPU   CPU total %     CPU total  CPU time avg     Self CUDA   Self CUDA %    CUDA total  CUDA time avg       CPU Mem  Self CPU Mem      CUDA Mem  Self CUDA Mem    # of Calls  
-------------------------------------------------------  ------------  ------------  ------------  ------------  ------------  ------------  ------------  ------------  ------------  ------------  ------------  ------------  ------------  ------------  
## Call CompiledFxGraph fvyozp36iqapcsz5dhitoxoqiosu...         0.00%       0.000us         0.00%       0.000us       0.000us     145.305ms        48.65%     145.305ms      48.435ms           0 B           0 B           0 B           0 B             3  
autograd::engine::evaluate_function: CompiledFunctio...         0.09%     403.703us        30.09%     132.316ms      44.105ms       0.000us         0.00%     143.087ms      47.696ms        -576 B           0 B     -11.63 GB           0 B             3  
                               CompiledFunctionBackward         0.14%     601.898us        30.00%     131.912ms      43.971ms       0.000us         0.00%     143.087ms      47.696ms        -576 B           0 B     -11.63 GB           0 B             3  
## Call CompiledFxGraph fvyozp36iqapcsz5dhitoxoqiosu...         6.77%      29.776ms        29.82%     131.109ms      43.703ms       0.000us         0.00%     143.075ms      47.692ms        -576 B        -576 B     -11.63 GB     -13.53 GB             3  
                                          ProfilerStep*        16.94%      74.466ms        48.89%     214.970ms      71.657ms       0.000us         0.00%      87.741ms      29.247ms           0 B        -576 B           0 B     -11.63 GB             3  
                                          ProfilerStep*         0.00%       0.000us         0.00%       0.000us       0.000us      68.121ms        22.81%      68.121ms      22.707ms           0 B           0 B           0 B           0 B             3  
## Call CompiledFxGraph ftmt3btx755kps5jhc66mwyw54ye...         0.00%       0.000us         0.00%       0.000us       0.000us      67.993ms        22.76%      67.993ms      22.664ms           0 B           0 B           0 B           0 B             3  
                             Torch-Compiled Region: 0/0         0.11%     489.652us        12.49%      54.899ms      18.300ms       0.000us         0.00%      66.983ms      22.328ms         576 B           0 B      12.85 GB           0 B             3  
                                       CompiledFunction         0.16%     712.864us        12.34%      54.271ms      18.090ms       0.000us         0.00%      66.983ms      22.328ms         576 B           0 B      12.85 GB           0 B             3  
## Call CompiledFxGraph ftmt3btx755kps5jhc66mwyw54ye...         4.48%      19.709ms        12.18%      53.558ms      17.853ms       0.000us         0.00%      66.983ms      22.328ms         576 B           0 B      12.85 GB      12.16 GB             3  
-------------------------------------------------------  ------------  ------------  ------------  ------------  ------------  ------------  ------------  ------------  ------------  ------------  ------------  ------------  ------------  ------------  
Self CPU time total: 439.674ms
Self CUDA time total: 298.690ms


Resultados tras 500 pasos (descartando 10 de warmup):
 training time medido      : 55.06 s (0.92 min)
 samples / s               : 290.61
 peak GPU memory           : 5713.08 MB
 achieved TFLOP/s          : 62.4000
 MFU % (Hardware real)     : 20.00% (Techo: 312.0 TFLOP/s)
 MFU % (vs Tensor Cores)   : 20.00% (Techo: 312.0 TFLOP/s)
 final loss                : 1.023299

=============================================================================================================================================
TABLA 1: RESUMEN COMPARATIVO DE RENDIMIENTO (NVIDIA A100-PCIE-40GB)
=============================================================================================================================================
Etapa / Configuración              Precisión   BS   Workers  Throughput   Achieved     MFU Real      MFU Global    Peak VRAM   Speedup
                                                             (samples/s)  (TFLOP/s)   (Hardware)    (vs 312 TF)      (MB)
---------------------------------------------------------------------------------------------------------------------------------------------
[1/5] Baseline                     FP32       16      0        53.98      11.5915       59.44%*       3.72%     5095.14 MB    1.00x
[2/5] Optimized DataLoader         FP32       16     16        54.25      11.6477       59.73%*       3.73%     5095.14 MB    1.01x
[3/5] Mixed Precision (AMP)        BF16       16     16       114.56      24.5986        7.88%        7.88%     3903.25 MB    2.12x
[4/5] Double Batch Size            BF16       32     16       191.48      41.1146       13.18%       13.18%     6326.34 MB    3.55x
[5/5] Compiled Model (Inductor)    BF16       32     16       290.61      62.4000       20.00%       20.00%     5713.08 MB    5.38x
---------------------------------------------------------------------------------------------------------------------------------------------
* En FP32 (Etapas 1 y 2), el hardware opera sobre CUDA Cores convencionales (techo de 19.5 TFLOP/s).
  En BF16 (Etapas 3, 4 y 5), se activan los Tensor Cores de la arquitectura Ampere (techo de 312.0 TFLOP/s).
=============================================================================================================================================

=============================================================================================================================================
TABLA 2: CUMPLIMIENTO DE MÉTRICAS EXIGIDAS EN LA MEMORIA DEL LABORATORIO
=============================================================================================================================================
Etapa                              samples / s     peak GPU memory     achieved TFLOP/s        MFU %           final loss (500 steps)
---------------------------------------------------------------------------------------------------------------------------------------------
[1/5] Baseline                     53.98          5095.14 MB            11.5915               3.72%               1.937586
[2/5] Optimized DataLoader         54.25          5095.14 MB            11.6477               3.73%               2.057086
[3/5] Mixed Precision (BF16)      114.56          3903.25 MB            24.5986               7.88%               1.336832
[4/5] Double Batch Size           191.48          6326.34 MB            41.1146              13.18%               0.916244
[5/5] Compiled Model              290.61          5713.08 MB            62.4000              20.00%               1.023299

=============================================================================================================================================
TABLA 3: TIEMPOS DE ENTRENAMIENTO MEDIDOS (1 GPU NVIDIA A100)
=============================================================================================================================================
Etapa                              Pasos Medidos   Batch Size   Throughput       Tiempo Medido       Tiempo Medido
                                                                (samples/s)        (Segundos)          (Minutos)
---------------------------------------------------------------------------------------------------------------------------------------------
[1/5] Baseline                       500            16          53.98          148.19 s           2.47 min
[2/5] Optimized DataLoader           500            16          54.25          147.48 s           2.46 min
[3/5] Mixed Precision (BF16)         500            16         114.56           69.83 s           1.16 min
[4/5] Double Batch Size              500            32         191.48           83.56 s           1.39 min
[5/5] Compiled Model                 500            32         290.61           55.06 s           0.92 min
=============================================================================================================================================
